,Mountain Peak,Distance from Campsite (miles),name,Long,Lat,Peak Longitude,Peak Latitude
0,Mt. Elbert,11.66798139,Baby Doe,-106.351,39.27,-106.4454,39.1178
1,Mt. Elbert,11.65280924,Belle of Colorado,-106.349,39.269,-106.4454,39.1178
2,Mt. Elbert,16.72520732,Chapman,-106.637,39.309,-106.4454,39.1178
3,Mt. Elbert,6.697035225,Dexter,-106.325,39.092,-106.4454,39.1178
4,Mt. Elbert,17.68504323,Difficult,-106.774,39.141,-106.4454,39.1178
5,Mt. Elbert,16.55226103,Dinner Station,-106.587,38.905,-106.4454,39.1178
6,Mt. Elbert,15.74245972,Dorchester,-106.663,38.965,-106.4454,39.1178
7,Mt. Elbert,2.782130136,Elbert Creek,-106.418,39.152,-106.4454,39.1178
8,Mt. Elbert,17.99367305,Elk Wallow,-106.612,39.344,-106.4454,39.1178
9,Mt. Elbert,12.02049196,Father Dyer,-106.352,39.276,-106.4454,39.1178
10,Mt. Elbert,19.36704303,Fourmile,-106.104,39.21,-106.4454,39.1178
11,Mt. Elbert,19.78112293,Gold Park,-106.436,39.404,-106.4454,39.1178
12,Mt. Elbert,3.989727092,Halfmoon East,-106.396,39.161,-106.4454,39.1178
13,Mt. Elbert,3.800379273,Halfmoon West,-106.397,39.158,-106.4454,39.1178
14,Mt. Elbert,4.471395429,Lakeview - Twin Lakes,-106.366,39.098,-106.4454,39.1178
15,Mt. Elbert,13.38041411,Lincoln Gulch,-106.695,39.117,-106.4454,39.1178
16,Mt. Elbert,9.631844408,Lost Man,-106.625,39.122,-106.4454,39.1178
17,Mt. Elbert,10.71234103,Matchless,-106.36,39.258,-106.4454,39.1178
18,Mt. Elbert,11.09569733,Mayqueen,-106.431,39.278,-106.4454,39.1178
19,Mt. Elbert,11.24834393,Molly Brown,-106.353,39.264,-106.4454,39.1178
20,Mt. Elbert,3.929811272,Parry Peak,-106.41,39.068,-106.4454,39.1178
21,Mt. Elbert,9.388775021,Portal,-106.612,39.076,-106.4454,39.1178
22,Mt. Elbert,19.13865964,Rivers End,-106.569,38.858,-106.4454,39.1178
23,Mt. Elbert,10.97689587,Silver Dollar,-106.354,39.26,-106.4454,39.1178
24,Mt. Elbert,11.86972314,Tabor,-106.356,39.275,-106.4454,39.1178
25,Mt. Elbert,3.745939763,Twin Peaks,-106.421,39.067,-106.4454,39.1178
26,Mt. Elbert,14.7217158,Weller,-106.72,39.121,-106.4454,39.1178
27,Mt. Elbert,16.81694444,Weston Pass,-106.136,39.078,-106.4454,39.1178
28,Mt. Elbert,4.621658285,White Star,-106.367,39.09,-106.4454,39.1178
29,Mt. Massive,8.77713527,Baby Doe,-106.351,39.27,-106.4757,39.1875
30,Mt. Massive,8.814542267,Belle of Colorado,-106.349,39.269,-106.4757,39.1875
31,Mt. Massive,12.0401091,Chapman,-106.637,39.309,-106.4757,39.1875
32,Mt. Massive,10.42889702,Dexter,-106.325,39.092,-106.4757,39.1875
33,Mt. Massive,16.30009582,Difficult,-106.774,39.141,-106.4757,39.1875
34,Mt. Massive,18.36500159,Dorchester,-106.663,38.965,-106.4757,39.1875
35,Mt. Massive,3.945835274,Elbert Creek,-106.418,39.152,-106.4757,39.1875
36,Mt. Massive,13.04176709,Elk Wallow,-106.612,39.344,-106.4757,39.1875
37,Mt. Massive,9.012263791,Father Dyer,-106.352,39.276,-106.4757,39.1875
38,Mt. Massive,19.96330117,Fourmile,-106.104,39.21,-106.4757,39.1875
39,Mt. Massive,15.10874246,Gold Park,-106.436,39.404,-106.4757,39.1875
40,Mt. Massive,4.645119084,Halfmoon East,-106.396,39.161,-106.4757,39.1875
41,Mt. Massive,4.68246297,Halfmoon West,-106.397,39.158,-106.4757,39.1875
42,Mt. Massive,8.532200591,Lakeview - Twin Lakes,-106.366,39.098,-106.4757,39.1875
43,Mt. Massive,12.71986317,Lincoln Gulch,-106.695,39.117,-106.4757,39.1875
44,Mt. Massive,9.190759237,Lost Man,-106.625,39.122,-106.4757,39.1875
45,Mt. Massive,7.879195439,Matchless,-106.36,39.258,-106.4757,39.1875
46,Mt. Massive,6.695022094,Mayqueen,-106.431,39.278,-106.4757,39.1875
47,Mt. Massive,8.430301871,Molly Brown,-106.353,39.264,-106.4757,39.1875
48,Mt. Massive,8.97633024,Parry Peak,-106.41,39.068,-106.4757,39.1875
49,Mt. Massive,10.61680533,Portal,-106.612,39.076,-106.4757,39.1875
50,Mt. Massive,8.21747749,Silver Dollar,-106.354,39.26,-106.4757,39.1875
51,Mt. Massive,8.808660829,Tabor,-106.356,39.275,-106.4757,39.1875
52,Mt. Massive,8.826979506,Twin Peaks,-106.421,39.067,-106.4757,39.1875
53,Mt. Massive,13.87235836,Weller,-106.72,39.121,-106.4757,39.1875
54,Mt. Massive,19.71575494,Weston Pass,-106.136,39.078,-106.4757,39.1875
55,Mt. Massive,8.906010779,White Star,-106.367,39.09,-106.4757,39.1875
56,Mt. Massive,18.242936,Camp Hale Memorial,-106.314,39.42,-106.4757,39.1875
57,Mt. Massive,18.45376626,Dearhamer,-106.738,39.361,-106.4757,39.1875
58,La Plata Peak,17.86117364,Baby Doe,-106.351,39.27,-106.4729,39.0294
59,La Plata Peak,17.83651012,Belle of Colorado,-106.349,39.269,-106.4729,39.0294
60,La Plata Peak,9.037142586,Dexter,-106.325,39.092,-106.4729,39.0294
61,La Plata Peak,17.89495906,Difficult,-106.774,39.141,-106.4729,39.0294
62,La Plata Peak,10.55703167,Dinner Station,-106.587,38.905,-106.4729,39.0294
63,La Plata Peak,11.13569503,Dorchester,-106.663,38.965,-106.4729,39.0294
64,La Plata Peak,8.967981826,Elbert Creek,-106.418,39.152,-106.4729,39.0294
65,La Plata Peak,18.22844432,Father Dyer,-106.352,39.276,-106.4729,39.0294
66,La Plata Peak,9.984156417,Halfmoon East,-106.396,39.161,-106.4729,39.0294
67,La Plata Peak,9.773337539,Halfmoon West,-106.397,39.158,-106.4729,39.0294
68,La Plata Peak,7.440153468,Lakeview - Twin Lakes,-106.366,39.098,-106.4729,39.0294
69,La Plata Peak,13.36292093,Lincoln Gulch,-106.695,39.117,-106.4729,39.0294
70,La Plata Peak,10.36802966,Lost Man,-106.625,39.122,-106.4729,39.0294
71,La Plata Peak,16.91393386,Matchless,-106.36,39.258,-106.4729,39.0294
72,La Plata Peak,17.32287703,Mayqueen,-106.431,39.278,-106.4729,39.0294
73,La Plata Peak,17.43631255,Molly Brown,-106.353,39.264,-106.4729,39.0294
74,La Plata Peak,4.301720094,Parry Peak,-106.41,39.068,-106.4729,39.0294
75,La Plata Peak,8.12846473,Portal,-106.612,39.076,-106.4729,39.0294
76,La Plata Peak,12.91976073,Rivers End,-106.569,38.858,-106.4729,39.0294
77,La Plata Peak,17.15978416,Silver Dollar,-106.354,39.26,-106.4729,39.0294
78,La Plata Peak,18.08856716,Tabor,-106.356,39.275,-106.4729,39.0294
79,La Plata Peak,3.808560506,Twin Peaks,-106.421,39.067,-106.4729,39.0294
80,La Plata Peak,14.68776781,Weller,-106.72,39.121,-106.4729,39.0294
81,La Plata Peak,18.38574974,Weston Pass,-106.136,39.078,-106.4729,39.0294
82,La Plata Peak,7.057810347,White Star,-106.367,39.09,-106.4729,39.0294
83,La Plata Peak,17.16678351,Collegiate Peaks,-106.316,38.813,-106.4729,39.0294
84,La Plata Peak,19.66739668,Cottonwood Lake,-106.292,38.782,-106.4729,39.0294
85,La Plata Peak,15.70010225,Lakeview - Almont,-106.58,38.818,-106.4729,39.0294
86,La Plata Peak,19.37013762,Lottis Creek,-106.627,38.776,-106.4729,39.0294
87,La Plata Peak,19.63576471,Mirror Lake - Almont,-106.432,38.747,-106.4729,39.0294
88,La Plata Peak,17.3013542,Mosca,-106.71,38.86,-106.4729,39.0294
89,Mt. Lincoln,13.98228827,Baby Doe,-106.351,39.27,-106.1116,39.3515
90,Mt. Lincoln,13.91273898,Belle of Colorado,-106.349,39.269,-106.1116,39.3515
91,Mt. Lincoln,13.86954806,Father Dyer,-106.352,39.276,-106.1116,39.3515
92,Mt. Lincoln,9.785260046,Fourmile,-106.104,39.21,-106.1116,39.3515
93,Mt. Lincoln,17.70132113,Gold Park,-106.436,39.404,-106.1116,39.3515
94,Mt. Lincoln,14.76844036,Matchless,-106.36,39.258,-106.1116,39.3515
95,Mt. Lincoln,17.81324771,Mayqueen,-106.431,39.278,-106.1116,39.3515
96,Mt. Lincoln,14.25158445,Molly Brown,-106.353,39.264,-106.1116,39.3515
97,Mt. Lincoln,14.41936925,Silver Dollar,-106.354,39.26,-106.1116,39.3515
98,Mt. Lincoln,14.09375942,Tabor,-106.356,39.275,-106.1116,39.3515
99,Mt. Lincoln,18.94232394,Weston Pass,-106.136,39.078,-106.1116,39.3515
100,Mt. Lincoln,11.79943944,Camp Hale Memorial,-106.314,39.42,-106.1116,39.3515
101,Mt. Lincoln,15.21581627,Aspen,-106.032,40.517,-106.1116,39.3515
102,Mt. Lincoln,15.21581627,Aspen,-105.843,39.425,-106.1116,39.3515
103,Mt. Lincoln,15.92947866,Blodgett,-106.366,39.472,-106.1116,39.3515
104,Mt. Lincoln,19.97783741,Halfmoon,-106.432,39.501,-106.1116,39.3515
105,Mt. Lincoln,18.71869804,Hall Valley,-105.805,39.483,-106.1116,39.3515
106,Mt. Lincoln,18.82577623,Handcart,-105.802,39.482,-106.1116,39.3515
107,Mt. Lincoln,17.53804456,Heaton Bay,-106.078,39.604,-106.1116,39.3515
108,Mt. Lincoln,15.92947866,Hornsilver,-106.366,39.472,-106.1116,39.3515
109,Mt. Lincoln,10.41992054,Horseshoe,-106.096,39.9,-106.1116,39.3515
110,Mt. Lincoln,10.41992054,Horseshoe,-106.086,39.202,-106.1116,39.3515
111,Mt. Lincoln,10.41992054,Horseshoe,-107.113,40.035,-106.1116,39.3515
112,Mt. Lincoln,14.91259066,Jefferson Creek,-105.853,39.433,-106.1116,39.3515
113,Mt. Lincoln,19.21515269,Kenosha Pass,-105.761,39.414,-106.1116,39.3515
114,Mt. Lincoln,1.784615943,Kite Lake,-106.128,39.329,-106.1116,39.3515
115,Mt. Lincoln,15.17044849,Lodgepole - Jefferson,-105.843,39.423,-106.1116,39.3515
116,Mt. Lincoln,19.24510654,Lowry,-106.031,39.623,-106.1116,39.3515
117,Mt. Lincoln,12.88213483,Michigan Creek,-105.883,39.411,-106.1116,39.3515
118,Mt. Lincoln,16.20968624,Peak One,-106.071,39.584,-106.1116,39.3515
119,Mt. Lincoln,16.49797153,Pine Cove,-106.069,39.588,-106.1116,39.3515
120,Mt. Lincoln,17.55535883,Prospector,-106.043,39.6,-106.1116,39.3515
121,Mt. Lincoln,8.695484266,Selkirk,-105.951,39.372,-106.1116,39.3515
122,Quandary Peak,15.75560369,Baby Doe,-106.351,39.27,-106.1064,39.3973
123,Quandary Peak,15.70600992,Belle of Colorado,-106.349,39.269,-106.1064,39.3973
124,Quandary Peak,15.57252161,Father Dyer,-106.352,39.276,-106.1064,39.3973
125,Quandary Peak,12.94196001,Fourmile,-106.104,39.21,-106.1064,39.3973
126,Quandary Peak,17.60369539,Gold Park,-106.436,39.404,-106.1064,39.3973
127,Quandary Peak,16.62376127,Matchless,-106.36,39.258,-106.1064,39.3973
128,Quandary Peak,19.20519444,Mayqueen,-106.431,39.278,-106.1064,39.3973
129,Quandary Peak,16.07869181,Molly Brown,-106.353,39.264,-106.1064,39.3973
130,Quandary Peak,16.2822997,Silver Dollar,-106.354,39.26,-106.1064,39.3973
131,Quandary Peak,15.7900504,Tabor,-106.356,39.275,-106.1064,39.3973
132,Quandary Peak,11.19309563,Camp Hale Memorial,-106.314,39.42,-106.1064,39.3973
133,Quandary Peak,14.19067897,Aspen,-106.032,40.517,-106.1064,39.3973
134,Quandary Peak,14.19067897,Aspen,-105.843,39.425,-106.1064,39.3973
135,Quandary Peak,14.78372689,Blodgett,-106.366,39.472,-106.1064,39.3973
136,Quandary Peak,18.79155316,Halfmoon,-106.432,39.501,-106.1064,39.3973
137,Quandary Peak,17.13829531,Hall Valley,-105.805,39.483,-106.1064,39.3973
138,Quandary Peak,17.265174,Handcart,-105.802,39.482,-106.1064,39.3973
139,Quandary Peak,14.36178699,Heaton Bay,-106.078,39.604,-106.1064,39.3973
140,Quandary Peak,14.78372689,Hornsilver,-106.366,39.472,-106.1064,39.3973
141,Quandary Peak,13.53808823,Horseshoe,-106.096,39.9,-106.1064,39.3973
142,Quandary Peak,13.53808823,Horseshoe,-106.086,39.202,-106.1064,39.3973
143,Quandary Peak,13.53808823,Horseshoe,-107.113,40.035,-106.1064,39.3973
144,Quandary Peak,13.749487,Jefferson Creek,-105.853,39.433,-106.1064,39.3973
145,Quandary Peak,18.47592527,Kenosha Pass,-105.761,39.414,-106.1064,39.3973
146,Quandary Peak,4.858142917,Kite Lake,-106.128,39.329,-106.1064,39.3973
147,Quandary Peak,14.17290301,Lodgepole - Jefferson,-105.843,39.423,-106.1064,39.3973
148,Quandary Peak,16.10418047,Lowry,-106.031,39.623,-106.1064,39.3973
149,Quandary Peak,11.96441398,Michigan Creek,-105.883,39.411,-106.1064,39.3973
150,Quandary Peak,13.03723829,Peak One,-106.071,39.584,-106.1064,39.3973
151,Quandary Peak,13.32629529,Pine Cove,-106.069,39.588,-106.1064,39.3973
152,Quandary Peak,14.40750869,Prospector,-106.043,39.6,-106.1064,39.3973
153,Quandary Peak,8.480947618,Selkirk,-105.951,39.372,-106.1064,39.3973
154,Quandary Peak,18.23888357,Gore Creek,-106.275,39.627,-106.1064,39.3973
155,Quandary Peak,18.94396262,Tigiwon,-106.422,39.523,-106.1064,39.3973
156,Mt. Bross,13.770713,Baby Doe,-106.351,39.27,-106.1077,39.3354
157,Mt. Bross,13.69282987,Belle of Colorado,-106.349,39.269,-106.1077,39.3354
158,Mt. Bross,13.69076325,Father Dyer,-106.352,39.276,-106.1077,39.3354
159,Mt. Bross,8.666659402,Fourmile,-106.104,39.21,-106.1077,39.3354
160,Mt. Bross,18.16525574,Gold Park,-106.436,39.404,-106.1077,39.3354
161,Mt. Bross,19.57469077,Halfmoon East,-106.396,39.161,-106.1077,39.3354
162,Mt. Bross,19.74514889,Halfmoon West,-106.397,39.158,-106.1077,39.3354
163,Mt. Bross,14.51188587,Matchless,-106.36,39.258,-106.1077,39.3354
164,Mt. Bross,17.73364229,Mayqueen,-106.431,39.278,-106.1077,39.3354
165,Mt. Bross,14.01282156,Molly Brown,-106.353,39.264,-106.1077,39.3354
166,Mt. Bross,14.1625477,Silver Dollar,-106.354,39.26,-106.1077,39.3354
167,Mt. Bross,13.91558484,Tabor,-106.356,39.275,-106.1077,39.3354
168,Mt. Bross,17.84924359,Weston Pass,-106.136,39.078,-106.1077,39.3354
169,Mt. Bross,12.47268112,Camp Hale Memorial,-106.314,39.42,-106.1077,39.3354
170,Mt. Bross,15.43283076,Aspen,-106.032,40.517,-106.1077,39.3354
171,Mt. Bross,15.43283076,Aspen,-105.843,39.425,-106.1077,39.3354
172,Mt. Bross,16.71080982,Blodgett,-106.366,39.472,-106.1077,39.3354
173,Mt. Bross,19.10841034,Hall Valley,-105.805,39.483,-106.1077,39.3354
174,Mt. Bross,19.20760911,Handcart,-105.802,39.482,-106.1077,39.3354
175,Mt. Bross,18.62616029,Heaton Bay,-106.078,39.604,-106.1077,39.3354
176,Mt. Bross,16.71080982,Hornsilver,-106.366,39.472,-106.1077,39.3354
177,Mt. Bross,9.289955807,Horseshoe,-106.096,39.9,-106.1077,39.3354
178,Mt. Bross,9.289955807,Horseshoe,-106.086,39.202,-106.1077,39.3354
179,Mt. Bross,9.289955807,Horseshoe,-107.113,40.035,-106.1077,39.3354
180,Mt. Bross,15.18176548,Jefferson Creek,-105.853,39.433,-106.1077,39.3354
181,Mt. Bross,19.2974147,Kenosha Pass,-105.761,39.414,-106.1077,39.3354
182,Mt. Bross,1.171556041,Kite Lake,-106.128,39.329,-106.1077,39.3354
183,Mt. Bross,15.37810434,Lodgepole - Jefferson,-105.843,39.423,-106.1077,39.3354
184,Mt. Bross,13.08909083,Michigan Creek,-105.883,39.411,-106.1077,39.3354
185,Mt. Bross,17.28800386,Peak One,-106.071,39.584,-106.1077,39.3354
186,Mt. Bross,17.57483633,Pine Cove,-106.069,39.588,-106.1077,39.3354
187,Mt. Bross,18.60516523,Prospector,-106.043,39.6,-106.1077,39.3354
188,Mt. Bross,8.745566506,Selkirk,-105.951,39.372,-106.1077,39.3354
189,Mt. Democrat,12.26316686,Baby Doe,-106.351,39.27,-106.14,39.3396
190,Mt. Democrat,12.19242776,Belle of Colorado,-106.349,39.269,-106.14,39.3396
191,Mt. Democrat,19.76741556,Dexter,-106.325,39.092,-106.14,39.3396
192,Mt. Democrat,19.73058374,Elbert Creek,-106.418,39.152,-106.14,39.3396
193,Mt. Democrat,12.15598565,Father Dyer,-106.352,39.276,-106.14,39.3396
194,Mt. Democrat,9.15928153,Fourmile,-106.104,39.21,-106.14,39.3396
195,Mt. Democrat,16.42443981,Gold Park,-106.436,39.404,-106.14,39.3396
196,Mt. Democrat,18.43639555,Halfmoon East,-106.396,39.161,-106.14,39.3396
197,Mt. Democrat,18.61548215,Halfmoon West,-106.397,39.158,-106.14,39.3396
198,Mt. Democrat,13.04448785,Matchless,-106.36,39.258,-106.14,39.3396
199,Mt. Democrat,16.12887087,Mayqueen,-106.431,39.278,-106.14,39.3396
200,Mt. Democrat,12.5291422,Molly Brown,-106.353,39.264,-106.14,39.3396
201,Mt. Democrat,12.69532274,Silver Dollar,-106.354,39.26,-106.14,39.3396
202,Mt. Democrat,12.38043188,Tabor,-106.356,39.275,-106.14,39.3396
203,Mt. Democrat,18.07628365,Weston Pass,-106.136,39.078,-106.14,39.3396
204,Mt. Democrat,10.82661358,Camp Hale Memorial,-106.314,39.42,-106.14,39.3396
205,Mt. Democrat,16.92324705,Aspen,-106.032,40.517,-106.14,39.3396
206,Mt. Democrat,16.92324705,Aspen,-105.843,39.425,-106.14,39.3396
207,Mt. Democrat,15.14138205,Blodgett,-106.366,39.472,-106.14,39.3396
208,Mt. Democrat,19.16446204,Halfmoon,-106.432,39.501,-106.14,39.3396
209,Mt. Democrat,18.5653581,Heaton Bay,-106.078,39.604,-106.14,39.3396
210,Mt. Democrat,15.14138205,Hornsilver,-106.366,39.472,-106.14,39.3396
211,Mt. Democrat,9.936441504,Horseshoe,-106.096,39.9,-106.14,39.3396
212,Mt. Democrat,9.936441504,Horseshoe,-106.086,39.202,-106.14,39.3396
213,Mt. Democrat,9.936441504,Horseshoe,-107.113,40.035,-106.14,39.3396
214,Mt. Democrat,16.62955045,Jefferson Creek,-105.853,39.433,-106.14,39.3396
215,Mt. Democrat,0.973483596,Kite Lake,-106.128,39.329,-106.14,39.3396
216,Mt. Democrat,16.87577571,Lodgepole - Jefferson,-105.843,39.423,-106.14,39.3396
217,Mt. Democrat,14.58602994,Michigan Creek,-105.883,39.411,-106.14,39.3396
218,Mt. Democrat,17.28308125,Peak One,-106.071,39.584,-106.14,39.3396
219,Mt. Democrat,17.57587343,Pine Cove,-106.069,39.588,-106.14,39.3396
220,Mt. Democrat,18.72120507,Prospector,-106.043,39.6,-106.14,39.3396
221,Mt. Democrat,10.34253448,Selkirk,-105.951,39.372,-106.14,39.3396
222,Mt. Democrat,19.6739807,Tigiwon,-106.422,39.523,-106.14,39.3396
223,Mt. Sherman,10.17687143,Baby Doe,-106.351,39.27,-106.1699,39.225
224,Mt. Sherman,10.05398265,Belle of Colorado,-106.349,39.269,-106.1699,39.225
225,Mt. Sherman,12.38936569,Dexter,-106.325,39.092,-106.1699,39.225
226,Mt. Sherman,14.21163317,Elbert Creek,-106.418,39.152,-106.1699,39.225
227,Mt. Sherman,10.36099801,Father Dyer,-106.352,39.276,-106.1699,39.225
228,Mt. Sherman,3.676771338,Fourmile,-106.104,39.21,-106.1699,39.225
229,Mt. Sherman,18.84963427,Gold Park,-106.436,39.404,-106.1699,39.225
230,Mt. Sherman,12.88977522,Halfmoon East,-106.396,39.161,-106.1699,39.225
231,Mt. Sherman,13.01262318,Halfmoon West,-106.397,39.158,-106.1699,39.225
232,Mt. Sherman,13.68832717,Lakeview - Twin Lakes,-106.366,39.098,-106.1699,39.225
233,Mt. Sherman,10.42511261,Matchless,-106.36,39.258,-106.1699,39.225
234,Mt. Sherman,14.44208639,Mayqueen,-106.431,39.278,-106.1699,39.225
235,Mt. Sherman,10.16151115,Molly Brown,-106.353,39.264,-106.1699,39.225
236,Mt. Sherman,16.82856284,Parry Peak,-106.41,39.068,-106.1699,39.225
237,Mt. Sherman,10.14397159,Silver Dollar,-106.354,39.26,-106.1699,39.225
238,Mt. Sherman,10.53973046,Tabor,-106.356,39.275,-106.1699,39.225
239,Mt. Sherman,17.32689393,Twin Peaks,-106.421,39.067,-106.1699,39.225
240,Mt. Sherman,10.31797105,Weston Pass,-106.136,39.078,-106.1699,39.225
241,Mt. Sherman,14.08963375,White Star,-106.367,39.09,-106.1699,39.225
242,Mt. Sherman,15.51951349,Camp Hale Memorial,-106.314,39.42,-106.1699,39.225
243,Mt. Sherman,16.55078247,Buffalo Springs,-105.987,39.032,-106.1699,39.225
244,Mt. Sherman,4.764334474,Horseshoe,-106.096,39.9,-106.1699,39.225
245,Mt. Sherman,4.764334474,Horseshoe,-106.086,39.202,-106.1699,39.225
246,Mt. Sherman,4.764334474,Horseshoe,-107.113,40.035,-106.1699,39.225
247,Mt. Sherman,7.527134717,Kite Lake,-106.128,39.329,-106.1699,39.225
248,Mt. Sherman,15.49686235,Selkirk,-105.951,39.372,-106.1699,39.225
249,Mt. of the Holy Cross,15.28521555,Baby Doe,-106.351,39.27,-106.4817,39.4668
250,Mt. of the Holy Cross,15.39562989,Belle of Colorado,-106.349,39.269,-106.4817,39.4668
251,Mt. of the Holy Cross,13.69861316,Chapman,-106.637,39.309,-106.4817,39.4668
252,Mt. of the Holy Cross,10.97186502,Elk Wallow,-106.612,39.344,-106.4817,39.4668
253,Mt. of the Holy Cross,14.89255934,Father Dyer,-106.352,39.276,-106.4817,39.4668
254,Mt. of the Holy Cross,4.977483557,Gold Park,-106.436,39.404,-106.4817,39.4668
255,Mt. of the Holy Cross,15.82402283,Matchless,-106.36,39.258,-106.4817,39.4668
256,Mt. of the Holy Cross,13.32307833,Mayqueen,-106.431,39.278,-106.4817,39.4668
257,Mt. of the Holy Cross,15.6079387,Molly Brown,-106.353,39.264,-106.4817,39.4668
258,Mt. of the Holy Cross,15.83352444,Silver Dollar,-106.354,39.26,-106.4817,39.4668
259,Mt. of the Holy Cross,14.85600592,Tabor,-106.356,39.275,-106.4817,39.4668
260,Mt. of the Holy Cross,9.514493081,Camp Hale Memorial,-106.314,39.42,-106.4817,39.4668
261,Mt. of the Holy Cross,15.51195327,Dearhamer,-106.738,39.361,-106.4817,39.4668
262,Mt. of the Holy Cross,6.181675482,Blodgett,-106.366,39.472,-106.4817,39.4668
263,Mt. of the Holy Cross,3.550807175,Halfmoon,-106.432,39.501,-106.4817,39.4668
264,Mt. of the Holy Cross,6.181675482,Hornsilver,-106.366,39.472,-106.4817,39.4668
265,Mt. of the Holy Cross,15.61407821,Gore Creek,-106.275,39.627,-106.4817,39.4668
266,Mt. of the Holy Cross,5.021018939,Tigiwon,-106.422,39.523,-106.4817,39.4668
267,Mt. of the Holy Cross,9.562028603,Fulford Cave,-106.658,39.492,-106.4817,39.4668
268,Mt. of the Holy Cross,18.36449068,Little Mattie,-106.806,39.378,-106.4817,39.4668
269,Mt. of the Holy Cross,18.78638344,Little Maud,-106.813,39.375,-106.4817,39.4668
270,Mt. of the Holy Cross,18.63573893,Mollie B,-106.81,39.375,-106.4817,39.4668
271,Mt. of the Holy Cross,13.48731369,Sylvan Lake State Park,-106.734,39.48,-106.4817,39.4668
272,Mt. of the Holy Cross,19.14868763,Wolcott,-106.676,39.7,-106.4817,39.4668
273,Mt. of the Holy Cross,10.74684387,Yeoman Park,-106.678,39.502,-106.4817,39.4668
274,Mt. Cameron,13.52491455,Baby Doe,-106.351,39.27,-106.118501,39.347165
275,Mt. Cameron,13.4543836,Belle of Colorado,-106.349,39.269,-106.118501,39.347165
276,Mt. Cameron,13.41614971,Father Dyer,-106.352,39.276,-106.118501,39.347165
277,Mt. Cameron,9.50897297,Fourmile,-106.104,39.21,-106.118501,39.347165
278,Mt. Cameron,17.40637024,Gold Park,-106.436,39.404,-106.118501,39.347165
279,Mt. Cameron,19.64399336,Halfmoon East,-106.396,39.161,-106.118501,39.347165
280,Mt. Cameron,19.82077175,Halfmoon West,-106.397,39.158,-106.118501,39.347165
281,Mt. Cameron,14.30640311,Matchless,-106.36,39.258,-106.118501,39.347165
282,Mt. Cameron,17.37571304,Mayqueen,-106.431,39.278,-106.118501,39.347165
283,Mt. Cameron,13.79125508,Molly Brown,-106.353,39.264,-106.118501,39.347165
284,Mt. Cameron,13.95721325,Silver Dollar,-106.354,39.26,-106.118501,39.347165
285,Mt. Cameron,13.64052072,Tabor,-106.356,39.275,-106.118501,39.347165
286,Mt. Cameron,18.621291,Weston Pass,-106.136,39.078,-106.118501,39.347165
287,Mt. Cameron,11.58998509,Camp Hale Memorial,-106.314,39.42,-106.118501,39.347165
288,Mt. Cameron,15.66440803,Aspen,-106.032,40.517,-106.118501,39.347165
289,Mt. Cameron,15.66440803,Aspen,-105.843,39.425,-106.118501,39.347165
290,Mt. Cameron,15.77866542,Blodgett,-106.366,39.472,-106.118501,39.347165
291,Mt. Cameron,19.82292114,Halfmoon,-106.432,39.501,-106.118501,39.347165
292,Mt. Cameron,19.18677421,Hall Valley,-105.805,39.483,-106.118501,39.347165
293,Mt. Cameron,19.29325256,Handcart,-105.802,39.482,-106.118501,39.347165
294,Mt. Cameron,17.87676124,Heaton Bay,-106.078,39.604,-106.118501,39.347165
295,Mt. Cameron,15.77866542,Hornsilver,-106.366,39.472,-106.118501,39.347165
296,Mt. Cameron,10.17957626,Horseshoe,-106.096,39.9,-106.118501,39.347165
297,Mt. Cameron,10.17957626,Horseshoe,-106.086,39.202,-106.118501,39.347165
298,Mt. Cameron,10.17957626,Horseshoe,-107.113,40.035,-106.118501,39.347165
299,Mt. Cameron,15.36793355,Jefferson Creek,-105.853,39.433,-106.118501,39.347165
300,Mt. Cameron,19.64327135,Kenosha Pass,-105.761,39.414,-106.118501,39.347165
301,Mt. Cameron,1.353858778,Kite Lake,-106.128,39.329,-106.118501,39.347165
302,Mt. Cameron,15.61770303,Lodgepole - Jefferson,-105.843,39.423,-106.118501,39.347165
303,Mt. Cameron,19.62145119,Lowry,-106.031,39.623,-106.118501,39.347165
304,Mt. Cameron,13.328408,Michigan Creek,-105.883,39.411,-106.118501,39.347165
305,Mt. Cameron,16.5588981,Peak One,-106.071,39.584,-106.118501,39.347165
306,Mt. Cameron,16.8484501,Pine Cove,-106.069,39.588,-106.118501,39.347165
307,Mt. Cameron,17.92750697,Prospector,-106.043,39.6,-106.118501,39.347165
308,Mt. Cameron,9.111321784,Selkirk,-105.951,39.372,-106.118501,39.347165
309,Mt. Harvard,11.58247132,Dexter,-106.325,39.092,-106.3207,38.9244
310,Mt. Harvard,14.3791286,Dinner Station,-106.587,38.905,-106.3207,38.9244
311,Mt. Harvard,18.60722557,Dorchester,-106.663,38.965,-106.3207,38.9244
312,Mt. Harvard,16.57011042,Elbert Creek,-106.418,39.152,-106.3207,38.9244
313,Mt. Harvard,16.83967747,Halfmoon East,-106.396,39.161,-106.3207,38.9244
314,Mt. Harvard,16.65166151,Halfmoon West,-106.397,39.158,-106.3207,38.9244
315,Mt. Harvard,12.23881241,Lakeview - Twin Lakes,-106.366,39.098,-106.3207,38.9244
316,Mt. Harvard,11.01995774,Parry Peak,-106.41,39.068,-106.3207,38.9244
317,Mt. Harvard,18.8249682,Portal,-106.612,39.076,-106.3207,38.9244
318,Mt. Harvard,14.11939415,Rivers End,-106.569,38.858,-106.3207,38.9244
319,Mt. Harvard,11.22887214,Twin Peaks,-106.421,39.067,-106.3207,38.9244
320,Mt. Harvard,14.52548198,Weston Pass,-106.136,39.078,-106.3207,38.9244
321,Mt. Harvard,11.70890874,White Star,-106.367,39.09,-106.3207,38.9244
322,Mt. Harvard,19.40461674,Buffalo Springs,-105.987,39.032,-106.3207,38.9244
323,Mt. Harvard,15.36410655,Cascade,-106.245,38.71,-106.3207,38.9244
324,Mt. Harvard,15.35054541,Chalk Lake,-106.233,38.713,-106.3207,38.9244
325,Mt. Harvard,7.701233736,Collegiate Peaks,-106.316,38.813,-106.3207,38.9244
326,Mt. Harvard,9.959451705,Cottonwood Lake,-106.292,38.782,-106.3207,38.9244
327,Mt. Harvard,14.91198044,Iron City,-106.338,38.709,-106.3207,38.9244
328,Mt. Harvard,15.76746941,Lakeview - Almont,-106.58,38.818,-106.3207,38.9244
329,Mt. Harvard,19.41103379,Lottis Creek,-106.627,38.776,-106.3207,38.9244
330,Mt. Harvard,13.64273072,Mirror Lake - Almont,-106.432,38.747,-106.3207,38.9244
331,Mt. Harvard,15.4413334,Mount Princeton,-106.224,38.714,-106.3207,38.9244
332,Mt. Harvard,10.34382263,Railroad Bridge - Arkansas Headwaters State Rec Area,-106.142,38.869,-106.3207,38.9244
333,Mt. Harvard,17.78555958,Ruby Mountain - Arkansas Headwaters State Rec Area,-106.073,38.754,-106.3207,38.9244
334,Mt. Belford,9.272224435,Dexter,-106.325,39.092,-106.3607,38.9607
335,Mt. Belford,12.75731469,Dinner Station,-106.587,38.905,-106.3607,38.9607
336,Mt. Belford,16.24358954,Dorchester,-106.663,38.965,-106.3607,38.9607
337,Mt. Belford,13.57052472,Elbert Creek,-106.418,39.152,-106.3607,38.9607
338,Mt. Belford,13.96852535,Halfmoon East,-106.396,39.161,-106.3607,38.9607
339,Mt. Belford,13.77067643,Halfmoon West,-106.397,39.158,-106.3607,38.9607
340,Mt. Belford,9.490883375,Lakeview - Twin Lakes,-106.366,39.098,-106.3607,38.9607
341,Mt. Belford,18.03836094,Lost Man,-106.625,39.122,-106.3607,38.9607
342,Mt. Belford,7.872059069,Parry Peak,-106.41,39.068,-106.3607,38.9607
343,Mt. Belford,15.66701165,Portal,-106.612,39.076,-106.3607,38.9607
344,Mt. Belford,13.2580308,Rivers End,-106.569,38.858,-106.3607,38.9607
345,Mt. Belford,8.026481678,Twin Peaks,-106.421,39.067,-106.3607,38.9607
346,Mt. Belford,14.53217305,Weston Pass,-106.136,39.078,-106.3607,38.9607
347,Mt. Belford,8.940264219,White Star,-106.367,39.09,-106.3607,38.9607
348,Mt. Belford,18.40717826,Cascade,-106.245,38.71,-106.3607,38.9607
349,Mt. Belford,18.44301404,Chalk Lake,-106.233,38.713,-106.3607,38.9607
350,Mt. Belford,10.48453746,Collegiate Peaks,-106.316,38.813,-106.3607,38.9607
351,Mt. Belford,12.88832282,Cottonwood Lake,-106.292,38.782,-106.3607,38.9607
352,Mt. Belford,17.43384524,Iron City,-106.338,38.709,-106.3607,38.9607
353,Mt. Belford,15.37243162,Lakeview - Almont,-106.58,38.818,-106.3607,38.9607
354,Mt. Belford,19.1856772,Lottis Creek,-106.627,38.776,-106.3607,38.9607
355,Mt. Belford,15.2556695,Mirror Lake - Almont,-106.432,38.747,-106.3607,38.9607
356,Mt. Belford,18.5654623,Mount Princeton,-106.224,38.714,-106.3607,38.9607
357,Mt. Belford,13.35597698,Railroad Bridge - Arkansas Headwaters State Rec Area,-106.142,38.869,-106.3607,38.9607
358,Mt. Yale,17.13208493,Dexter,-106.325,39.092,-106.3138,38.8442
359,Mt. Yale,15.28440502,Dinner Station,-106.587,38.905,-106.3138,38.8442
360,Mt. Yale,17.75885702,Lakeview - Twin Lakes,-106.366,39.098,-106.3138,38.8442
361,Mt. Yale,16.30424843,Parry Peak,-106.41,39.068,-106.3138,38.8442
362,Mt. Yale,13.76512022,Rivers End,-106.569,38.858,-106.3138,38.8442
363,Mt. Yale,16.43642154,Twin Peaks,-106.421,39.067,-106.3138,38.8442
364,Mt. Yale,18.76717022,Weston Pass,-106.136,39.078,-106.3138,38.8442
365,Mt. Yale,17.22211872,White Star,-106.367,39.09,-106.3138,38.8442
366,Mt. Yale,9.985572128,Cascade,-106.245,38.71,-106.3138,38.8442
367,Mt. Yale,10.0557668,Chalk Lake,-106.233,38.713,-106.3138,38.8442
368,Mt. Yale,2.158985701,Collegiate Peaks,-106.316,38.813,-106.3138,38.8442
369,Mt. Yale,4.455031184,Cottonwood Lake,-106.292,38.782,-106.3138,38.8442
370,Mt. Yale,9.432032753,Iron City,-106.338,38.709,-106.3138,38.8442
371,Mt. Yale,14.44188737,Lakeview - Almont,-106.58,38.818,-106.3138,38.8442
372,Mt. Yale,17.50871364,Lottis Creek,-106.627,38.776,-106.3138,38.8442
373,Mt. Yale,9.253079501,Mirror Lake - Almont,-106.432,38.747,-106.3138,38.8442
374,Mt. Yale,10.21395431,Mount Princeton,-106.224,38.714,-106.3138,38.8442
375,Mt. Yale,9.401153189,Railroad Bridge - Arkansas Headwaters State Rec Area,-106.142,38.869,-106.3138,38.8442
376,Mt. Yale,14.38665865,Ruby Mountain - Arkansas Headwaters State Rec Area,-106.073,38.754,-106.3138,38.8442
377,Mt. Yale,18.72802348,Angel of Shavano,-106.221,38.583,-106.3138,38.8442
378,Mt. Yale,19.16983271,Gold Creek,-106.574,38.655,-106.3138,38.8442
379,Mt. Yale,19.3273185,Hecla Junction - Arkansas Headwaters State Rec Area,-106.052,38.653,-106.3138,38.8442
380,Mt. Yale,16.41675866,Middle Quartz,-106.425,38.623,-106.3138,38.8442
381,Mt. Yale,16.04712897,North Fork Reservoir,-106.32,38.612,-106.3138,38.8442
382,Mt. Yale,19.04170094,Pitkin,-106.5,38.61,-106.3138,38.8442
383,Mt. Yale,16.52089612,Quartz,-106.469,38.638,-106.3138,38.8442
384,Mt. Yale,18.45888682,Cold Spring,-106.642,38.767,-106.3138,38.8442
385,Mt. Yale,19.61055007,Lodgepole - Almont,-106.662,38.761,-106.3138,38.8442
386,Mt. Oxford (Colorado),8.819926748,Dexter,-106.325,39.092,-106.3388,38.9648
387,Mt. Oxford (Colorado),13.96488772,Dinner Station,-106.587,38.905,-106.3388,38.9648
388,Mt. Oxford (Colorado),17.41693587,Dorchester,-106.663,38.965,-106.3388,38.9648
389,Mt. Oxford (Colorado),13.61451262,Elbert Creek,-106.418,39.152,-106.3388,38.9648
390,Mt. Oxford (Colorado),13.89924647,Halfmoon East,-106.396,39.161,-106.3388,38.9648
391,Mt. Oxford (Colorado),13.70928977,Halfmoon West,-106.397,39.158,-106.3388,38.9648
392,Mt. Oxford (Colorado),9.318401999,Lakeview - Twin Lakes,-106.366,39.098,-106.3388,38.9648
393,Mt. Oxford (Colorado),18.81102389,Lost Man,-106.625,39.122,-106.3388,38.9648
394,Mt. Oxford (Colorado),8.090365534,Parry Peak,-106.41,39.068,-106.3388,38.9648
395,Mt. Oxford (Colorado),16.55630169,Portal,-106.612,39.076,-106.3388,38.9648
396,Mt. Oxford (Colorado),14.40925418,Rivers End,-106.569,38.858,-106.3388,38.9648
397,Mt. Oxford (Colorado),8.326866217,Twin Peaks,-106.421,39.067,-106.3388,38.9648
398,Mt. Oxford (Colorado),13.40471346,Weston Pass,-106.136,39.078,-106.3388,38.9648
399,Mt. Oxford (Colorado),8.782008148,White Star,-106.367,39.09,-106.3388,38.9648
400,Mt. Oxford (Colorado),19.45297992,Buffalo Springs,-105.987,39.032,-106.3388,38.9648
401,Mt. Oxford (Colorado),18.3146656,Cascade,-106.245,38.71,-106.3388,38.9648
402,Mt. Oxford (Colorado),18.3059504,Chalk Lake,-106.233,38.713,-106.3388,38.9648
403,Mt. Oxford (Colorado),10.5599164,Collegiate Peaks,-106.316,38.813,-106.3388,38.9648
404,Mt. Oxford (Colorado),12.8788457,Cottonwood Lake,-106.292,38.782,-106.3388,38.9648
405,Mt. Oxford (Colorado),17.6743218,Iron City,-106.338,38.709,-106.3388,38.9648
406,Mt. Oxford (Colorado),16.46623827,Lakeview - Almont,-106.58,38.818,-106.3388,38.9648
407,Mt. Oxford (Colorado),15.86221696,Mirror Lake - Almont,-106.432,38.747,-106.3388,38.9648
408,Mt. Oxford (Colorado),18.39723801,Mount Princeton,-106.224,38.714,-106.3388,38.9648
409,Mt. Oxford (Colorado),12.47983535,Railroad Bridge - Arkansas Headwaters State Rec Area,-106.142,38.869,-106.3388,38.9648
410,Mt. Columbia,13.0802214,Dexter,-106.325,39.092,-106.2975,38.9039
411,Mt. Columbia,15.56619901,Dinner Station,-106.587,38.905,-106.2975,38.9039
412,Mt. Columbia,18.32182431,Elbert Creek,-106.418,39.152,-106.2975,38.9039
413,Mt. Columbia,18.53406233,Halfmoon East,-106.396,39.161,-106.2975,38.9039
414,Mt. Columbia,18.35106663,Halfmoon West,-106.397,39.158,-106.2975,38.9039
415,Mt. Columbia,13.90640097,Lakeview - Twin Lakes,-106.366,39.098,-106.2975,38.9039
416,Mt. Columbia,12.84772038,Parry Peak,-106.41,39.068,-106.2975,38.9039
417,Mt. Columbia,14.9434188,Rivers End,-106.569,38.858,-106.2975,38.9039
418,Mt. Columbia,13.07633148,Twin Peaks,-106.421,39.067,-106.2975,38.9039
419,Mt. Columbia,14.82987312,Weston Pass,-106.136,39.078,-106.2975,38.9039
420,Mt. Columbia,13.38905773,White Star,-106.367,39.09,-106.2975,38.9039
421,Mt. Columbia,18.88302044,Buffalo Springs,-105.987,39.032,-106.2975,38.9039
422,Mt. Columbia,13.69230468,Cascade,-106.245,38.71,-106.2975,38.9039
423,Mt. Columbia,13.63956715,Chalk Lake,-106.233,38.713,-106.2975,38.9039
424,Mt. Columbia,6.359037126,Collegiate Peaks,-106.316,38.813,-106.2975,38.9039
425,Mt. Columbia,8.427769183,Cottonwood Lake,-106.292,38.782,-106.2975,38.9039
426,Mt. Columbia,13.64185192,Iron City,-106.338,38.709,-106.2975,38.9039
427,Mt. Columbia,16.31667613,Lakeview - Almont,-106.58,38.818,-106.2975,38.9039
428,Mt. Columbia,19.81282888,Lottis Creek,-106.627,38.776,-106.2975,38.9039
429,Mt. Columbia,13.03612984,Mirror Lake - Almont,-106.432,38.747,-106.2975,38.9039
430,Mt. Columbia,13.70474505,Mount Princeton,-106.224,38.714,-106.2975,38.9039
431,Mt. Columbia,8.703843802,Railroad Bridge - Arkansas Headwaters State Rec Area,-106.142,38.869,-106.2975,38.9039
432,Mt. Columbia,15.91513899,Ruby Mountain - Arkansas Headwaters State Rec Area,-106.073,38.754,-106.2975,38.9039
433,Missouri Mountain,10.38230732,Dexter,-106.325,39.092,-106.3785,38.9476
434,Missouri Mountain,11.58737961,Dinner Station,-106.587,38.905,-106.3785,38.9476
435,Missouri Mountain,15.33319718,Dorchester,-106.663,38.965,-106.3785,38.9476
436,Missouri Mountain,14.2809909,Elbert Creek,-106.418,39.152,-106.3785,38.9476
437,Missouri Mountain,14.7745466,Halfmoon East,-106.396,39.161,-106.3785,38.9476
438,Missouri Mountain,14.57124744,Halfmoon West,-106.397,39.158,-106.3785,38.9476
439,Missouri Mountain,10.41339172,Lakeview - Twin Lakes,-106.366,39.098,-106.3785,38.9476
440,Missouri Mountain,17.89481901,Lost Man,-106.625,39.122,-106.3785,38.9476
441,Missouri Mountain,8.489103682,Parry Peak,-106.41,39.068,-106.3785,38.9476
442,Missouri Mountain,15.35763698,Portal,-106.612,39.076,-106.3785,38.9476
443,Missouri Mountain,11.9686539,Rivers End,-106.569,38.858,-106.3785,38.9476
444,Missouri Mountain,8.559592416,Twin Peaks,-106.421,39.067,-106.3785,38.9476
445,Missouri Mountain,15.8325949,Weston Pass,-106.136,39.078,-106.3785,38.9476
446,Missouri Mountain,9.858347376,White Star,-106.367,39.09,-106.3785,38.9476
447,Missouri Mountain,17.92051217,Cascade,-106.245,38.71,-106.3785,38.9476
448,Missouri Mountain,18.0022,Chalk Lake,-106.233,38.713,-106.3785,38.9476
449,Missouri Mountain,9.888989068,Collegiate Peaks,-106.316,38.813,-106.3785,38.9476
450,Missouri Mountain,12.352115,Cottonwood Lake,-106.292,38.782,-106.3785,38.9476
451,Missouri Mountain,16.62935662,Iron City,-106.338,38.709,-106.3785,38.9476
452,Missouri Mountain,14.05844752,Lakeview - Almont,-106.58,38.818,-106.3785,38.9476
453,Missouri Mountain,17.86956906,Lottis Creek,-106.627,38.776,-106.3785,38.9476
454,Missouri Mountain,14.15611108,Mirror Lake - Almont,-106.432,38.747,-106.3785,38.9476
455,Missouri Mountain,18.15668459,Mount Princeton,-106.224,38.714,-106.3785,38.9476
456,Missouri Mountain,13.82677386,Railroad Bridge - Arkansas Headwaters State Rec Area,-106.142,38.869,-106.3785,38.9476
457,Missouri Mountain,18.82406797,Mosca,-106.71,38.86,-106.3785,38.9476
458,Missouri Mountain,18.88675401,Cold Spring,-106.642,38.767,-106.3785,38.9476
459,Missouri Mountain,19.9729135,Lodgepole - Almont,-106.662,38.761,-106.3785,38.9476
460,Huron Peak,11.80351006,Dexter,-106.325,39.092,-106.4381,38.9455
461,Huron Peak,8.478879366,Dinner Station,-106.587,38.905,-106.4381,38.9455
462,Huron Peak,12.15878629,Dorchester,-106.663,38.965,-106.4381,38.9455
463,Huron Peak,14.30863746,Elbert Creek,-106.418,39.152,-106.4381,38.9455
464,Huron Peak,15.06014989,Halfmoon East,-106.396,39.161,-106.4381,38.9455
465,Huron Peak,14.84718784,Halfmoon West,-106.397,39.158,-106.4381,38.9455
466,Huron Peak,11.22516957,Lakeview - Twin Lakes,-106.366,39.098,-106.4381,38.9455
467,Huron Peak,18.1806197,Lincoln Gulch,-106.695,39.117,-106.4381,38.9455
468,Huron Peak,15.79056514,Lost Man,-106.625,39.122,-106.4381,38.9455
469,Huron Peak,8.597440122,Parry Peak,-106.41,39.068,-106.4381,38.9455
470,Huron Peak,12.97958382,Portal,-106.612,39.076,-106.4381,38.9455
471,Huron Peak,9.278603942,Rivers End,-106.569,38.858,-106.4381,38.9455
472,Huron Peak,8.444989146,Twin Peaks,-106.421,39.067,-106.4381,38.9455
473,Huron Peak,19.38947148,Weller,-106.72,39.121,-106.4381,38.9455
474,Huron Peak,18.62435031,Weston Pass,-106.136,39.078,-106.4381,38.9455
475,Huron Peak,10.68879984,White Star,-106.367,39.09,-106.4381,38.9455
476,Huron Peak,19.30803486,Cascade,-106.245,38.71,-106.4381,38.9455
477,Huron Peak,19.49196866,Chalk Lake,-106.233,38.713,-106.4381,38.9455
478,Huron Peak,11.26699433,Collegiate Peaks,-106.316,38.813,-106.4381,38.9455
479,Huron Peak,13.76228972,Cottonwood Lake,-106.292,38.782,-106.4381,38.9455
480,Huron Peak,17.20614973,Iron City,-106.338,38.709,-106.4381,38.9455
481,Huron Peak,11.65580366,Lakeview - Almont,-106.58,38.818,-106.4381,38.9455
482,Huron Peak,15.50636249,Lottis Creek,-106.627,38.776,-106.4381,38.9455
483,Huron Peak,13.71910541,Mirror Lake - Almont,-106.432,38.747,-106.4381,38.9455
484,Huron Peak,19.7142159,Mount Princeton,-106.224,38.714,-106.4381,38.9455
485,Huron Peak,16.77477606,Railroad Bridge - Arkansas Headwaters State Rec Area,-106.142,38.869,-106.4381,38.9455
486,Huron Peak,15.76846358,Mosca,-106.71,38.86,-106.4381,38.9455
487,Huron Peak,16.5066565,Cold Spring,-106.642,38.767,-106.4381,38.9455
488,Huron Peak,17.53993013,Lodgepole - Almont,-106.662,38.761,-106.4381,38.9455
489,Castle Peak,10.21175383,Difficult,-106.774,39.141,-106.8614,39.0097
490,Castle Peak,16.42230233,Dinner Station,-106.587,38.905,-106.8614,39.0097
491,Castle Peak,11.09381492,Dorchester,-106.663,38.965,-106.8614,39.0097
492,Castle Peak,11.60415256,Lincoln Gulch,-106.695,39.117,-106.8614,39.0097
493,Castle Peak,14.86734846,Lost Man,-106.625,39.122,-106.8614,39.0097
494,Castle Peak,14.14597877,Portal,-106.612,39.076,-106.8614,39.0097
495,Castle Peak,18.8901482,Rivers End,-106.569,38.858,-106.8614,39.0097
496,Castle Peak,10.80186977,Weller,-106.72,39.121,-106.8614,39.0097
497,Castle Peak,13.16045785,Mosca,-106.71,38.86,-106.8614,39.0097
498,Castle Peak,12.62273368,Cement Creek,-106.837,38.828,-106.8614,39.0097
499,Castle Peak,7.997317555,Gothic,-107.006,38.982,-106.8614,39.0097
500,Castle Peak,15.95876805,Lake Irwin,-107.108,38.881,-106.8614,39.0097
501,Castle Peak,10.31809543,Silver Bar,-106.884,39.158,-106.8614,39.0097
502,Castle Peak,9.384916102,Silver Bell,-106.895,39.143,-106.8614,39.0097
503,Castle Peak,8.579171363,Silver Queen,-106.901,39.13,-106.8614,39.0097
504,Castle Peak,18.64829012,Spring Creek,-106.767,38.75,-106.8614,39.0097
505,Maroon Peak,12.5062739,Difficult,-106.774,39.141,-106.989,39.0708
506,Maroon Peak,18.96592618,Dorchester,-106.663,38.965,-106.989,39.0708
507,Maroon Peak,16.08561927,Lincoln Gulch,-106.695,39.117,-106.989,39.0708
508,Maroon Peak,19.83673531,Lost Man,-106.625,39.122,-106.989,39.0708
509,Maroon Peak,14.83582915,Weller,-106.72,39.121,-106.989,39.0708
510,Maroon Peak,18.65867119,Cement Creek,-106.837,38.828,-106.989,39.0708
511,Maroon Peak,6.203038636,Gothic,-107.006,38.982,-106.989,39.0708
512,Maroon Peak,14.58891332,Lake Irwin,-107.108,38.881,-106.989,39.0708
513,Maroon Peak,8.245362642,Silver Bar,-106.884,39.158,-106.989,39.0708
514,Maroon Peak,7.091242183,Silver Bell,-106.895,39.143,-106.989,39.0708
515,Maroon Peak,6.244666838,Silver Queen,-106.901,39.13,-106.989,39.0708
516,Maroon Peak,17.75817848,McClure,-107.872,38.059,-106.989,39.0708
517,Maroon Peak,17.75817848,McClure,-107.313,39.124,-106.989,39.0708
518,Maroon Peak,16.21691603,Avalanche,-107.204,39.236,-106.989,39.0708
519,Maroon Peak,14.77969928,Bogan Flats,-107.262,39.1,-106.989,39.0708
520,Maroon Peak,16.69438721,Erickson Springs,-107.264,38.958,-106.989,39.0708
521,Maroon Peak,18.19040288,Lost Lake,-107.208,38.87,-106.989,39.0708
522,Maroon Peak,15.69609328,Redstone,-107.229,39.201,-106.989,39.0708
523,Capitol Peak,16.56501695,Difficult,-106.774,39.141,-107.0829,39.1503
524,Capitol Peak,19.55400235,Weller,-106.72,39.121,-107.0829,39.1503
525,Capitol Peak,12.33861932,Gothic,-107.006,38.982,-107.0829,39.1503
526,Capitol Peak,18.65576604,Lake Irwin,-107.108,38.881,-107.0829,39.1503
527,Capitol Peak,10.6701361,Silver Bar,-106.884,39.158,-107.0829,39.1503
528,Capitol Peak,10.08119407,Silver Bell,-106.895,39.143,-107.0829,39.1503
529,Capitol Peak,9.848352158,Silver Queen,-106.901,39.13,-107.0829,39.1503
530,Capitol Peak,12.46467662,McClure,-107.872,38.059,-107.0829,39.1503
531,Capitol Peak,12.46467662,McClure,-107.313,39.124,-107.0829,39.1503
532,Capitol Peak,8.781538984,Avalanche,-107.204,39.236,-107.0829,39.1503
533,Capitol Peak,10.20968804,Bogan Flats,-107.262,39.1,-107.0829,39.1503
534,Capitol Peak,16.4607845,Erickson Springs,-107.264,38.958,-107.0829,39.1503
535,Capitol Peak,8.573794928,Redstone,-107.229,39.201,-107.0829,39.1503
536,Capitol Peak,18.15337426,Paonia State Park,-107.348,38.987,-107.0829,39.1503
537,Snowmass Mountain,15.7521151,Difficult,-106.774,39.141,-107.0665,39.1188
538,Snowmass Mountain,19.91522909,Lincoln Gulch,-106.695,39.117,-107.0665,39.1188
539,Snowmass Mountain,18.5747729,Weller,-106.72,39.121,-107.0665,39.1188
540,Snowmass Mountain,9.99400547,Gothic,-107.006,38.982,-107.0665,39.1188
541,Snowmass Mountain,16.58099939,Lake Irwin,-107.108,38.881,-107.0665,39.1188
542,Snowmass Mountain,10.14846213,Silver Bar,-106.884,39.158,-107.0665,39.1188
543,Snowmass Mountain,9.342680224,Silver Bell,-106.895,39.143,-107.0665,39.1188
544,Snowmass Mountain,8.904762703,Silver Queen,-106.901,39.13,-107.0665,39.1188
545,Snowmass Mountain,13.21825209,McClure,-107.872,38.059,-107.0665,39.1188
546,Snowmass Mountain,13.21825209,McClure,-107.313,39.124,-107.0665,39.1188
547,Snowmass Mountain,10.94592435,Avalanche,-107.204,39.236,-107.0665,39.1188
548,Snowmass Mountain,10.5615386,Bogan Flats,-107.262,39.1,-107.0665,39.1188
549,Snowmass Mountain,15.35522987,Erickson Springs,-107.264,38.958,-107.0665,39.1188
550,Snowmass Mountain,18.79509874,Lost Lake,-107.208,38.87,-107.0665,39.1188
551,Snowmass Mountain,10.39468021,Redstone,-107.229,39.201,-107.0665,39.1188
552,Snowmass Mountain,17.63705514,Paonia State Park,-107.348,38.987,-107.0665,39.1188
553,Pyramid Peak,10.59119535,Difficult,-106.774,39.141,-106.9502,39.0717
554,Pyramid Peak,17.08952188,Dorchester,-106.663,38.965,-106.9502,39.0717
555,Pyramid Peak,14.03834485,Lincoln Gulch,-106.695,39.117,-106.9502,39.0717
556,Pyramid Peak,17.78102189,Lost Man,-106.625,39.122,-106.9502,39.0717
557,Pyramid Peak,18.14350625,Portal,-106.612,39.076,-106.9502,39.0717
558,Pyramid Peak,12.80537891,Weller,-106.72,39.121,-106.9502,39.0717
559,Pyramid Peak,19.50562456,Mosca,-106.71,38.86,-106.9502,39.0717
560,Pyramid Peak,17.90321965,Cement Creek,-106.837,38.828,-106.9502,39.0717
561,Pyramid Peak,6.883506745,Gothic,-107.006,38.982,-106.9502,39.0717
562,Pyramid Peak,15.66707727,Lake Irwin,-107.108,38.881,-106.9502,39.0717
563,Pyramid Peak,6.939019261,Silver Bar,-106.884,39.158,-106.9502,39.0717
564,Pyramid Peak,5.747025829,Silver Bell,-106.895,39.143,-106.9502,39.0717
565,Pyramid Peak,4.815159508,Silver Queen,-106.901,39.13,-106.9502,39.0717
566,Pyramid Peak,19.78676823,McClure,-107.872,38.059,-106.9502,39.0717
567,Pyramid Peak,19.78676823,McClure,-107.313,39.124,-106.9502,39.0717
568,Pyramid Peak,17.71405793,Avalanche,-107.204,39.236,-106.9502,39.0717
569,Pyramid Peak,16.83606676,Bogan Flats,-107.262,39.1,-106.9502,39.0717
570,Pyramid Peak,18.58803298,Erickson Springs,-107.264,38.958,-106.9502,39.0717
571,Pyramid Peak,19.64694231,Lost Lake,-107.208,38.87,-106.9502,39.0717
572,Pyramid Peak,17.40876653,Redstone,-107.229,39.201,-106.9502,39.0717
573,Conundrum Peak,9.880949952,Difficult,-106.774,39.141,-106.862749,39.015682
574,Conundrum Peak,16.67233496,Dinner Station,-106.587,38.905,-106.862749,39.015682
575,Conundrum Peak,11.28432951,Dorchester,-106.663,38.965,-106.862749,39.015682
576,Conundrum Peak,11.40127802,Lincoln Gulch,-106.695,39.117,-106.862749,39.015682
577,Conundrum Peak,14.71807624,Lost Man,-106.625,39.122,-106.862749,39.015682
578,Conundrum Peak,14.08617855,Portal,-106.612,39.076,-106.862749,39.015682
579,Conundrum Peak,19.18166022,Rivers End,-106.569,38.858,-106.862749,39.015682
580,Conundrum Peak,10.56373088,Weller,-106.72,39.121,-106.862749,39.015682
581,Conundrum Peak,13.53137993,Mosca,-106.71,38.86,-106.862749,39.015682
582,Conundrum Peak,13.04137915,Cement Creek,-106.837,38.828,-106.862749,39.015682
583,Conundrum Peak,8.036497529,Gothic,-107.006,38.982,-106.862749,39.015682
584,Conundrum Peak,16.13298623,Lake Irwin,-107.108,38.881,-106.862749,39.015682
585,Conundrum Peak,9.899159026,Silver Bar,-106.884,39.158,-106.862749,39.015682
586,Conundrum Peak,8.965382457,Silver Bell,-106.895,39.143,-106.862749,39.015682
587,Conundrum Peak,8.160844926,Silver Queen,-106.901,39.13,-106.862749,39.015682
588,Conundrum Peak,19.06574051,Spring Creek,-106.767,38.75,-106.862749,39.015682
589,North Maroon Peak,12.27383163,Difficult,-106.774,39.141,-106.987058,39.076007
590,North Maroon Peak,19.01145535,Dorchester,-106.663,38.965,-106.987058,39.076007
591,North Maroon Peak,15.91504852,Lincoln Gulch,-106.695,39.117,-106.987058,39.076007
592,North Maroon Peak,19.67226115,Lost Man,-106.625,39.122,-106.987058,39.076007
593,North Maroon Peak,14.65356415,Weller,-106.72,39.121,-106.987058,39.076007
594,North Maroon Peak,18.93800571,Cement Creek,-106.837,38.828,-106.987058,39.076007
595,North Maroon Peak,6.574417345,Gothic,-107.006,38.982,-106.987058,39.076007
596,North Maroon Peak,14.95805176,Lake Irwin,-107.108,38.881,-106.987058,39.076007
597,North Maroon Peak,7.913071734,Silver Bar,-106.884,39.158,-106.987058,39.076007
598,North Maroon Peak,6.76647479,Silver Bell,-106.895,39.143,-106.987058,39.076007
599,North Maroon Peak,5.933690105,Silver Queen,-106.901,39.13,-106.987058,39.076007
600,North Maroon Peak,17.7888755,McClure,-107.872,38.059,-106.987058,39.076007
601,North Maroon Peak,17.7888755,McClure,-107.313,39.124,-106.987058,39.076007
602,North Maroon Peak,16.04065969,Avalanche,-107.204,39.236,-106.987058,39.076007
603,North Maroon Peak,14.83785294,Bogan Flats,-107.262,39.1,-106.987058,39.076007
604,North Maroon Peak,16.95620691,Erickson Springs,-107.264,38.958,-106.987058,39.076007
605,North Maroon Peak,18.53262786,Lost Lake,-107.208,38.87,-106.987058,39.076007
606,North Maroon Peak,15.57881473,Redstone,-107.229,39.201,-106.987058,39.076007
607,Mt. Princeton,19.12511488,Rivers End,-106.569,38.858,-106.2424,38.7492
608,Mt. Princeton,2.712111681,Cascade,-106.245,38.71,-106.2424,38.7492
609,Mt. Princeton,2.552005835,Chalk Lake,-106.233,38.713,-106.2424,38.7492
610,Mt. Princeton,5.928527056,Collegiate Peaks,-106.316,38.813,-106.2424,38.7492
611,Mt. Princeton,3.503761386,Cottonwood Lake,-106.292,38.782,-106.2424,38.7492
612,Mt. Princeton,5.853877876,Iron City,-106.338,38.709,-106.2424,38.7492
613,Mt. Princeton,18.79425075,Lakeview - Almont,-106.58,38.818,-106.2424,38.7492
614,Mt. Princeton,10.21807493,Mirror Lake - Almont,-106.432,38.747,-106.2424,38.7492
615,Mt. Princeton,2.626543653,Mount Princeton,-106.224,38.714,-106.2424,38.7492
616,Mt. Princeton,9.886211434,Railroad Bridge - Arkansas Headwaters State Rec Area,-106.142,38.869,-106.2424,38.7492
617,Mt. Princeton,9.134005961,Ruby Mountain - Arkansas Headwaters State Rec Area,-106.073,38.754,-106.2424,38.7492
618,Mt. Princeton,11.54132711,Angel of Shavano,-106.221,38.583,-106.2424,38.7492
619,Mt. Princeton,14.33623252,Garfield,-106.302,38.547,-106.2424,38.7492
620,Mt. Princeton,19.0281458,Gold Creek,-106.574,38.655,-106.2424,38.7492
621,Mt. Princeton,12.23061096,Hecla Junction - Arkansas Headwaters State Rec Area,-106.052,38.653,-106.2424,38.7492
622,Mt. Princeton,13.15375035,Middle Quartz,-106.425,38.623,-106.2424,38.7492
623,Mt. Princeton,16.71814436,Monarch Park,-106.325,38.516,-106.2424,38.7492
624,Mt. Princeton,10.36261873,North Fork Reservoir,-106.32,38.612,-106.2424,38.7492
625,Mt. Princeton,16.8985905,Pitkin,-106.5,38.61,-106.2424,38.7492
626,Mt. Princeton,14.43476909,Quartz,-106.469,38.638,-106.2424,38.7492
627,Mt. Princeton,18.31355813,Snowblind,-106.415,38.521,-106.2424,38.7492
628,Mt. Antero,2.481322043,Cascade,-106.245,38.71,-106.2462,38.6741
629,Mt. Antero,2.780428922,Chalk Lake,-106.233,38.713,-106.2462,38.6741
630,Mt. Antero,10.30799886,Collegiate Peaks,-106.316,38.813,-106.2462,38.6741
631,Mt. Antero,7.853363633,Cottonwood Lake,-106.292,38.782,-106.2462,38.6741
632,Mt. Antero,5.506766691,Iron City,-106.338,38.709,-106.2462,38.6741
633,Mt. Antero,11.21249248,Mirror Lake - Almont,-106.432,38.747,-106.2462,38.6741
634,Mt. Antero,3.00558101,Mount Princeton,-106.224,38.714,-106.2462,38.6741
635,Mt. Antero,14.58946551,Railroad Bridge - Arkansas Headwaters State Rec Area,-106.142,38.869,-106.2462,38.6741
636,Mt. Antero,10.84752927,Ruby Mountain - Arkansas Headwaters State Rec Area,-106.073,38.754,-106.2462,38.6741
637,Mt. Antero,6.43976503,Angel of Shavano,-106.221,38.583,-106.2462,38.6741
638,Mt. Antero,19.94367836,Comanche,-106.603,38.599,-106.2462,38.6741
639,Mt. Antero,9.284246178,Garfield,-106.302,38.547,-106.2462,38.6741
640,Mt. Antero,17.73392331,Gold Creek,-106.574,38.655,-106.2462,38.6741
641,Mt. Antero,10.57815009,Hecla Junction - Arkansas Headwaters State Rec Area,-106.052,38.653,-106.2462,38.6741
642,Mt. Antero,10.27410582,Middle Quartz,-106.425,38.623,-106.2462,38.6741
643,Mt. Antero,11.72335444,Monarch Park,-106.325,38.516,-106.2462,38.6741
644,Mt. Antero,5.854257008,North Fork Reservoir,-106.32,38.612,-106.2462,38.6741
645,Mt. Antero,17.89509616,Ohaver Lake,-106.143,38.428,-106.2462,38.6741
646,Mt. Antero,14.39502902,Pitkin,-106.5,38.61,-106.2462,38.6741
647,Mt. Antero,12.27749059,Quartz,-106.469,38.638,-106.2462,38.6741
648,Mt. Antero,13.96381605,Snowblind,-106.415,38.521,-106.2462,38.6741
649,Mt. Shavano,6.281275802,Cascade,-106.245,38.71,-106.2393,38.6192
650,Mt. Shavano,6.489931807,Chalk Lake,-106.233,38.713,-106.2393,38.6192
651,Mt. Shavano,14.01433965,Collegiate Peaks,-106.316,38.813,-106.2393,38.6192
652,Mt. Shavano,11.60192037,Cottonwood Lake,-106.292,38.782,-106.2393,38.6192
653,Mt. Shavano,8.176309983,Iron City,-106.338,38.709,-106.2393,38.6192
654,Mt. Shavano,13.63804813,Mirror Lake - Almont,-106.432,38.747,-106.2393,38.6192
655,Mt. Shavano,6.601921971,Mount Princeton,-106.224,38.714,-106.2393,38.6192
656,Mt. Shavano,18.03860866,Railroad Bridge - Arkansas Headwaters State Rec Area,-106.142,38.869,-106.2393,38.6192
657,Mt. Shavano,12.93031329,Ruby Mountain - Arkansas Headwaters State Rec Area,-106.073,38.754,-106.2393,38.6192
658,Mt. Shavano,2.689328108,Angel of Shavano,-106.221,38.583,-106.2393,38.6192
659,Mt. Shavano,19.68627055,Comanche,-106.603,38.599,-106.2393,38.6192
660,Mt. Shavano,6.029464534,Garfield,-106.302,38.547,-106.2393,38.6192
661,Mt. Shavano,18.23249563,Gold Creek,-106.574,38.655,-106.2393,38.6192
662,Mt. Shavano,10.37507638,Hecla Junction - Arkansas Headwaters State Rec Area,-106.052,38.653,-106.2393,38.6192
663,Mt. Shavano,10.02799953,Middle Quartz,-106.425,38.623,-106.2393,38.6192
664,Mt. Shavano,8.501693788,Monarch Park,-106.325,38.516,-106.2393,38.6192
665,Mt. Shavano,4.385037914,North Fork Reservoir,-106.32,38.612,-106.2393,38.6192
666,Mt. Shavano,14.19940127,Ohaver Lake,-106.143,38.428,-106.2393,38.6192
667,Mt. Shavano,14.08887428,Pitkin,-106.5,38.61,-106.2393,38.6192
668,Mt. Shavano,12.46635603,Quartz,-106.469,38.638,-106.2393,38.6192
669,Mt. Shavano,11.66725522,Snowblind,-106.415,38.521,-106.2393,38.6192
670,Tabeguache Peak,5.847120508,Cascade,-106.245,38.71,-106.2509,38.6255
671,Tabeguache Peak,6.122364635,Chalk Lake,-106.233,38.713,-106.2509,38.6255
672,Tabeguache Peak,13.42206895,Collegiate Peaks,-106.316,38.813,-106.2509,38.6255
673,Tabeguache Peak,11.03798218,Cottonwood Lake,-106.292,38.782,-106.2509,38.6255
674,Tabeguache Peak,7.440746101,Iron City,-106.338,38.709,-106.2509,38.6255
675,Tabeguache Peak,12.87928604,Mirror Lake - Almont,-106.432,38.747,-106.2509,38.6255
676,Tabeguache Peak,6.284658775,Mount Princeton,-106.224,38.714,-106.2509,38.6255
677,Tabeguache Peak,17.81847873,Railroad Bridge - Arkansas Headwaters State Rec Area,-106.142,38.869,-106.2509,38.6255
678,Tabeguache Peak,13.07210123,Ruby Mountain - Arkansas Headwaters State Rec Area,-106.073,38.754,-106.2509,38.6255
679,Tabeguache Peak,3.351044733,Angel of Shavano,-106.221,38.583,-106.2509,38.6255
680,Tabeguache Peak,19.09757293,Comanche,-106.603,38.599,-106.2509,38.6255
681,Tabeguache Peak,6.085664163,Garfield,-106.302,38.547,-106.2509,38.6255
682,Tabeguache Peak,17.55582691,Gold Creek,-106.574,38.655,-106.2509,38.6255
683,Tabeguache Peak,10.90128247,Hecla Junction - Arkansas Headwaters State Rec Area,-106.052,38.653,-106.2509,38.6255
684,Tabeguache Peak,9.399538725,Middle Quartz,-106.425,38.623,-106.2509,38.6255
685,Tabeguache Peak,8.559479861,Monarch Park,-106.325,38.516,-106.2509,38.6255
686,Tabeguache Peak,3.845169837,North Fork Reservoir,-106.32,38.612,-106.2509,38.6255
687,Tabeguache Peak,14.84021855,Ohaver Lake,-106.143,38.428,-106.2509,38.6255
688,Tabeguache Peak,13.49025987,Pitkin,-106.5,38.61,-106.2509,38.6255
689,Tabeguache Peak,11.80348793,Quartz,-106.469,38.638,-106.2509,38.6255
690,Tabeguache Peak,11.432915,Snowblind,-106.415,38.521,-106.2509,38.6255
691,Blanca Peak,11.62180542,Pinyon Flats - Sand Dunes National Monument,-105.505,37.745,-105.4856,37.5775
692,Blanca Peak,15.01281485,San Luis State Park,-105.735,37.668,-105.4856,37.5775
693,Crestone Peak,15.94852394,Pinyon Flats - Sand Dunes National Monument,-105.505,37.745,-105.5855,37.9669
694,Crestone Peak,7.918531709,Alvarado,-105.562,38.08,-105.5855,37.9669
695,Crestone Peak,6.578196173,North Crestone Creek,-105.689,38.016,-105.5855,37.9669
696,Crestone Needle,15.67447403,Pinyon Flats - Sand Dunes National Monument,-105.505,37.745,-105.5766,37.9647
697,Crestone Needle,8.006086663,Alvarado,-105.562,38.08,-105.5766,37.9647
698,Crestone Needle,7.072894754,North Crestone Creek,-105.689,38.016,-105.5766,37.9647
699,Kit Carson Mountain,17.06797321,Pinyon Flats - Sand Dunes National Monument,-105.505,37.745,-105.6026,37.9797
700,Kit Carson Mountain,7.273879952,Alvarado,-105.562,38.08,-105.6026,37.9797
701,Kit Carson Mountain,5.331185733,North Crestone Creek,-105.689,38.016,-105.6026,37.9797
702,Kit Carson Mountain,19.97521339,Lake Creek,-105.662,38.265,-105.6026,37.9797
703,Challenger Point,17.18305363,Pinyon Flats - Sand Dunes National Monument,-105.505,37.745,-105.6066,37.9804
704,Challenger Point,7.297308701,Alvarado,-105.562,38.08,-105.6066,37.9804
705,Challenger Point,5.116576133,North Crestone Creek,-105.689,38.016,-105.6066,37.9804
706,Challenger Point,19.8934121,Lake Creek,-105.662,38.265,-105.6066,37.9804
707,Humboldt Peak,16.20756977,Pinyon Flats - Sand Dunes National Monument,-105.505,37.745,-105.5552,37.9762
708,Humboldt Peak,7.181509751,Alvarado,-105.562,38.08,-105.5552,37.9762
709,Humboldt Peak,7.787102248,North Crestone Creek,-105.689,38.016,-105.5552,37.9762
710,Ellingwood Point,11.24103055,Pinyon Flats - Sand Dunes National Monument,-105.505,37.745,-105.4927,37.5826
711,Ellingwood Point,14.51325,San Luis State Park,-105.735,37.668,-105.4927,37.5826
712,Mt. Lindsey,11.61954459,Pinyon Flats - Sand Dunes National Monument,-105.505,37.745,-105.4449,37.5837
713,Mt. Lindsey,16.91008135,San Luis State Park,-105.735,37.668,-105.4449,37.5837
714,Little Bear Peak,12.33376872,Pinyon Flats - Sand Dunes National Monument,-105.505,37.745,-105.4972,37.5666
715,Little Bear Peak,14.78071207,San Luis State Park,-105.735,37.668,-105.4972,37.5666
716,Uncompahgre Peak,11.62540247,Amphitheater,-107.665,38.019,-107.4621,38.0717
717,Uncompahgre Peak,13.11689919,Beaver Lake,-107.545,38.25,-107.4621,38.0717
718,Uncompahgre Peak,10.87848945,Big Blue,-107.385,38.217,-107.4621,38.0717
719,Uncompahgre Peak,13.63728712,Big Cimarron,-107.545,38.258,-107.4621,38.0717
720,Uncompahgre Peak,19.77302738,Cebolla,-107.1,38.047,-107.4621,38.0717
721,Uncompahgre Peak,15.30457215,Deer Lakes,-107.188,38.022,-107.4621,38.0717
722,Uncompahgre Peak,18.02989635,Hidden Valley,-107.133,38.041,-107.4621,38.0717
723,Uncompahgre Peak,12.10339903,Mill Creek - Lake City,-107.39,37.906,-107.4621,38.0717
724,Uncompahgre Peak,17.83816713,Ridgway State Park,-107.736,38.214,-107.4621,38.0717
725,Uncompahgre Peak,19.92390911,Rito Hondo,-107.177,37.891,-107.4621,38.0717
726,Uncompahgre Peak,12.07797608,Silver Jack,-107.538,38.236,-107.4621,38.0717
727,Uncompahgre Peak,14.22701841,Slumgullion,-107.225,37.985,-107.4621,38.0717
728,Uncompahgre Peak,18.85180181,Spruce,-107.117,38.047,-107.4621,38.0717
729,Uncompahgre Peak,16.43572321,The Gate,-107.259,38.248,-107.4621,38.0717
730,Uncompahgre Peak,13.50754936,Thistledown,-107.694,38.002,-107.4621,38.0717
731,Uncompahgre Peak,12.41483628,Williams Creek,-107.336,37.922,-107.4621,38.0717
732,Uncompahgre Peak,11.71929012,Wupperman,-107.287,37.973,-107.4621,38.0717
733,Mt. Sneffels,7.009139311,Amphitheater,-107.665,38.019,-107.7923,38.0038
734,Mt. Sneffels,14.84260145,Ridgway State Park,-107.736,38.214,-107.7923,38.0038
735,Mt. Sneffels,5.353362197,Thistledown,-107.694,38.002,-107.7923,38.0038
736,Mt. Sneffels,19.03679296,Cayton,-107.977,37.77,-107.7923,38.0038
737,Mt. Sneffels,11.98997139,Matterhorn,-107.881,37.845,-107.7923,38.0038
738,Mt. Sneffels,5.775894574,McClure,-107.872,38.059,-107.7923,38.0038
739,Mt. Sneffels,5.775894574,McClure,-107.313,39.124,-107.7923,38.0038
740,Mt. Sneffels,18.58699213,Molas Lake Public Park,-107.683,37.749,-107.7923,38.0038
741,Mt. Sneffels,13.69931673,South Mineral,-107.775,37.806,-107.7923,38.0038
742,Mt. Sneffels,9.552729829,Sunshine,-107.89,37.889,-107.7923,38.0038
743,Mt. Sneffels,4.811889223,Telluride Town Park,-107.806,37.935,-107.7923,38.0038
744,Mt. Sneffels,16.50056782,Woods Lake,-108.055,37.885,-107.7923,38.0038
745,Handies Peak,11.40929089,Amphitheater,-107.665,38.019,-107.5044,37.913
746,Handies Peak,18.80828723,Deer Lakes,-107.188,38.022,-107.5044,37.913
747,Handies Peak,6.255129327,Mill Creek - Lake City,-107.39,37.906,-107.5044,37.913
748,Handies Peak,17.91430454,Rito Hondo,-107.177,37.891,-107.5044,37.913
749,Handies Peak,16.01527065,Slumgullion,-107.225,37.985,-107.5044,37.913
750,Handies Peak,12.02103243,Thistledown,-107.694,38.002,-107.5044,37.913
751,Handies Peak,9.200199641,Williams Creek,-107.336,37.922,-107.5044,37.913
752,Handies Peak,12.55040889,Wupperman,-107.287,37.973,-107.5044,37.913
753,Handies Peak,14.94647041,Molas Lake Public Park,-107.683,37.749,-107.5044,37.913
754,Handies Peak,16.50937098,South Mineral,-107.775,37.806,-107.5044,37.913
755,Handies Peak,16.50831012,Telluride Town Park,-107.806,37.935,-107.5044,37.913
756,Handies Peak,13.12530359,Lost Trail,-107.349,37.768,-107.5044,37.913
757,Handies Peak,18.74574126,Thirtymile,-107.258,37.724,-107.5044,37.913
758,Handies Peak,19.60029848,River Hill,-107.23,37.73,-107.5044,37.913
759,Handies Peak,19.88959066,Silver Thread,-107.156,37.828,-107.5044,37.913
760,Redcloud Peak,14.29451206,Amphitheater,-107.665,38.019,-107.4219,37.941
761,Redcloud Peak,19.17528305,Big Blue,-107.385,38.217,-107.4219,37.941
762,Redcloud Peak,18.9964966,Cebolla,-107.1,38.047,-107.4219,37.941
763,Redcloud Peak,13.91356543,Deer Lakes,-107.188,38.022,-107.4219,37.941
764,Redcloud Peak,17.18208228,Hidden Valley,-107.133,38.041,-107.4219,37.941
765,Redcloud Peak,2.978439489,Mill Creek - Lake City,-107.39,37.906,-107.4219,37.941
766,Redcloud Peak,13.78907955,Rito Hondo,-107.177,37.891,-107.4219,37.941
767,Redcloud Peak,11.14851791,Slumgullion,-107.225,37.985,-107.4219,37.941
768,Redcloud Peak,18.14589925,Spruce,-107.117,38.047,-107.4219,37.941
769,Redcloud Peak,15.40839296,Thistledown,-107.694,38.002,-107.4219,37.941
770,Redcloud Peak,4.861941617,Williams Creek,-107.336,37.922,-107.4219,37.941
771,Redcloud Peak,7.674578139,Wupperman,-107.287,37.973,-107.4219,37.941
772,Redcloud Peak,19.4663446,Molas Lake Public Park,-107.683,37.749,-107.4219,37.941
773,Redcloud Peak,12.5975267,Lost Trail,-107.349,37.768,-107.4219,37.941
774,Redcloud Peak,17.4585461,Thirtymile,-107.258,37.724,-107.4219,37.941
775,Redcloud Peak,17.94993548,River Hill,-107.23,37.73,-107.4219,37.941
776,Redcloud Peak,16.468594,Silver Thread,-107.156,37.828,-107.4219,37.941
777,Redcloud Peak,17.37579135,Bristol Head,-107.144,37.818,-107.4219,37.941
778,Redcloud Peak,17.04720467,North Clear Creek,-107.139,37.836,-107.4219,37.941
779,Redcloud Peak,17.92003829,Road Canyon,-107.193,37.755,-107.4219,37.941
780,Wetterhorn Peak,8.866874515,Amphitheater,-107.665,38.019,-107.5109,38.0607
781,Wetterhorn Peak,13.2100765,Beaver Lake,-107.545,38.25,-107.5109,38.0607
782,Wetterhorn Peak,12.78429549,Big Blue,-107.385,38.217,-107.5109,38.0607
783,Wetterhorn Peak,13.75757072,Big Cimarron,-107.545,38.258,-107.5109,38.0607
784,Wetterhorn Peak,17.77326826,Deer Lakes,-107.188,38.022,-107.5109,38.0607
785,Wetterhorn Peak,12.55397342,Mill Creek - Lake City,-107.39,37.906,-107.5109,38.0607
786,Wetterhorn Peak,16.18144604,Ridgway State Park,-107.736,38.214,-107.5109,38.0607
787,Wetterhorn Peak,12.20137594,Silver Jack,-107.538,38.236,-107.5109,38.0607
788,Wetterhorn Peak,16.41699604,Slumgullion,-107.225,37.985,-107.5109,38.0607
789,Wetterhorn Peak,18.83589268,The Gate,-107.259,38.248,-107.5109,38.0607
790,Wetterhorn Peak,10.7587229,Thistledown,-107.694,38.002,-107.5109,38.0607
791,Wetterhorn Peak,13.51091523,Williams Creek,-107.336,37.922,-107.5109,38.0607
792,Wetterhorn Peak,13.61109386,Wupperman,-107.287,37.973,-107.5109,38.0607
793,Wetterhorn Peak,19.64505439,McClure,-107.872,38.059,-107.5109,38.0607
794,Wetterhorn Peak,19.64505439,McClure,-107.313,39.124,-107.5109,38.0607
795,Wetterhorn Peak,18.26481488,Telluride Town Park,-107.806,37.935,-107.5109,38.0607
796,Sunshine Peak,14.63610831,Amphitheater,-107.665,38.019,-107.4256,37.9228
797,Sunshine Peak,19.69896823,Cebolla,-107.1,38.047,-107.4256,37.9228
798,Sunshine Peak,14.64445378,Deer Lakes,-107.188,38.022,-107.4256,37.9228
799,Sunshine Peak,17.90601232,Hidden Valley,-107.133,38.041,-107.4256,37.9228
800,Sunshine Peak,2.261243505,Mill Creek - Lake City,-107.39,37.906,-107.4256,37.9228
801,Sunshine Peak,13.72960987,Rito Hondo,-107.177,37.891,-107.4256,37.9228
802,Sunshine Peak,11.74354188,Slumgullion,-107.225,37.985,-107.4256,37.9228
803,Sunshine Peak,18.86995538,Spruce,-107.117,38.047,-107.4256,37.9228
804,Sunshine Peak,15.61153266,Thistledown,-107.694,38.002,-107.4256,37.9228
805,Sunshine Peak,4.883911579,Williams Creek,-107.336,37.922,-107.4256,37.9228
806,Sunshine Peak,8.310160134,Wupperman,-107.287,37.973,-107.4256,37.9228
807,Sunshine Peak,18.47952957,Molas Lake Public Park,-107.683,37.749,-107.4256,37.9228
808,Sunshine Peak,11.48332849,Lost Trail,-107.349,37.768,-107.4256,37.9228
809,Sunshine Peak,16.50292923,Thirtymile,-107.258,37.724,-107.4256,37.9228
810,Sunshine Peak,17.07081843,River Hill,-107.23,37.73,-107.4256,37.9228
811,Sunshine Peak,16.09674283,Silver Thread,-107.156,37.828,-107.4256,37.9228
812,Sunshine Peak,16.98059803,Bristol Head,-107.144,37.818,-107.4256,37.9228
813,Sunshine Peak,16.74121533,North Clear Creek,-107.139,37.836,-107.4256,37.9228
814,Sunshine Peak,17.19040451,Road Canyon,-107.193,37.755,-107.4256,37.9228
815,San Luis Peak,10.08116719,Cebolla,-107.1,38.047,-106.9313,37.9868
816,San Luis Peak,14.18571821,Deer Lakes,-107.188,38.022,-106.9313,37.9868
817,San Luis Peak,11.60092389,Hidden Valley,-107.133,38.041,-106.9313,37.9868
818,San Luis Peak,14.93559849,Rito Hondo,-107.177,37.891,-106.9313,37.9868
819,San Luis Peak,15.9946024,Slumgullion,-107.225,37.985,-106.9313,37.9868
820,San Luis Peak,10.93078155,Spruce,-107.117,38.047,-106.9313,37.9868
821,San Luis Peak,19.39550513,Wupperman,-107.287,37.973,-106.9313,37.9868
822,San Luis Peak,16.44510385,Silver Thread,-107.156,37.828,-106.9313,37.9868
823,San Luis Peak,16.44688944,Bristol Head,-107.144,37.818,-106.9313,37.9868
824,San Luis Peak,15.3869154,North Clear Creek,-107.139,37.836,-106.9313,37.9868
825,San Luis Peak,16.01331803,Hansons Mill,-106.737,37.813,-106.9313,37.9868
826,San Luis Peak,13.98852272,Marshall Park,-106.986,37.789,-106.9313,37.9868
827,San Luis Peak,18.64721928,Palisade - South Fork,-106.765,37.751,-106.9313,37.9868
828,San Luis Peak,16.07744256,Rio Grande,-107.012,37.763,-106.9313,37.9868
829,San Luis Peak,14.02290867,Stone Cellar,-106.677,38.019,-106.9313,37.9868
830,Mt. Wilson,19.74341936,Thistledown,-107.694,38.002,-107.9916,37.8391
831,Mt. Wilson,5.381323442,Burro Bridge,-108.066,37.788,-107.9916,37.8391
832,Mt. Wilson,4.840473529,Cayton,-107.977,37.77,-107.9916,37.8391
833,Mt. Wilson,6.048525657,Matterhorn,-107.881,37.845,-107.9916,37.8391
834,Mt. Wilson,16.53221748,McClure,-107.872,38.059,-107.9916,37.8391
835,Mt. Wilson,16.53221748,McClure,-107.313,39.124,-107.9916,37.8391
836,Mt. Wilson,17.96264965,Molas Lake Public Park,-107.683,37.749,-107.9916,37.8391
837,Mt. Wilson,17.67726457,Purgatory,-107.807,37.629,-107.9916,37.8391
838,Mt. Wilson,15.34245506,Sig Creek,-107.884,37.634,-107.9916,37.8391
839,Mt. Wilson,12.0408629,South Mineral,-107.775,37.806,-107.9916,37.8391
840,Mt. Wilson,6.52698462,Sunshine,-107.89,37.889,-107.9916,37.8391
841,Mt. Wilson,12.09701493,Telluride Town Park,-107.806,37.935,-107.9916,37.8391
842,Mt. Wilson,19.86316888,West Dolores,-108.276,37.66,-107.9916,37.8391
843,Mt. Wilson,4.692391518,Woods Lake,-108.055,37.885,-107.9916,37.8391
844,Wilson Peak,18.62371094,Thistledown,-107.694,38.002,-107.9847,37.8603
845,Wilson Peak,6.681551123,Burro Bridge,-108.066,37.788,-107.9847,37.8603
846,Wilson Peak,6.253337037,Cayton,-107.977,37.77,-107.9847,37.8603
847,Wilson Peak,5.755387782,Matterhorn,-107.881,37.845,-107.9847,37.8603
848,Wilson Peak,15.0392545,McClure,-107.872,38.059,-107.9847,37.8603
849,Wilson Peak,15.0392545,McClure,-107.313,39.124,-107.9847,37.8603
850,Wilson Peak,18.17714698,Molas Lake Public Park,-107.683,37.749,-107.9847,37.8603
851,Wilson Peak,18.6994036,Purgatory,-107.807,37.629,-107.9847,37.8603
852,Wilson Peak,16.57565563,Sig Creek,-107.884,37.634,-107.9847,37.8603
853,Wilson Peak,12.04277099,South Mineral,-107.775,37.806,-107.9847,37.8603
854,Wilson Peak,5.53251292,Sunshine,-107.89,37.889,-107.9847,37.8603
855,Wilson Peak,11.02586225,Telluride Town Park,-107.806,37.935,-107.9847,37.8603
856,Wilson Peak,4.196911483,Woods Lake,-108.055,37.885,-107.9847,37.8603
857,Grays Peak,14.4970894,Aspen,-106.032,40.517,-105.8176,39.6339
858,Grays Peak,14.4970894,Aspen,-105.843,39.425,-105.8176,39.6339
859,Grays Peak,10.44788095,Hall Valley,-105.805,39.483,-105.8176,39.6339
860,Grays Peak,10.528241,Handcart,-105.802,39.482,-105.8176,39.6339
861,Grays Peak,14.01248321,Heaton Bay,-106.078,39.604,-105.8176,39.6339
862,Grays Peak,14.0086,Jefferson Creek,-105.853,39.433,-105.8176,39.6339
863,Grays Peak,15.49035083,Kenosha Pass,-105.761,39.414,-105.8176,39.6339
864,Grays Peak,14.63468138,Lodgepole - Jefferson,-105.843,39.423,-105.8176,39.6339
865,Grays Peak,11.38124549,Lowry,-106.031,39.623,-105.8176,39.6339
866,Grays Peak,15.79059255,Michigan Creek,-105.883,39.411,-105.8176,39.6339
867,Grays Peak,13.92240477,Peak One,-106.071,39.584,-105.8176,39.6339
868,Grays Peak,13.75255898,Pine Cove,-106.069,39.588,-105.8176,39.6339
869,Grays Peak,12.22340261,Prospector,-106.043,39.6,-105.8176,39.6339
870,Grays Peak,19.44310875,Selkirk,-105.951,39.372,-105.8176,39.6339
871,Grays Peak,17.83908428,Blue River,-106.131,39.726,-105.8176,39.6339
872,Grays Peak,10.10013231,Burning Bear,-105.711,39.513,-105.8176,39.6339
873,Grays Peak,17.2511885,Byers Creek,-105.897,39.876,-105.8176,39.6339
874,Grays Peak,5.963852985,Clear Lake,-105.708,39.652,-105.8176,39.6339
875,Grays Peak,19.07330155,Columbine,-105.549,39.817,-105.8176,39.6339
876,Grays Peak,19.07330155,Columbine,-108.381,38.424,-105.8176,39.6339
877,Grays Peak,16.51593185,Deer Creek,-105.554,39.508,-105.8176,39.6339
878,Grays Peak,12.06476036,Echo Lake - Idaho Springs,-105.593,39.658,-105.8176,39.6339
879,Grays Peak,11.34834953,Empire City RV Parking,-105.684,39.762,-105.8176,39.6339
880,Grays Peak,8.245775525,Geneva Park,-105.737,39.532,-105.8176,39.6339
881,Grays Peak,9.725990666,Georgetown Lake,-105.689,39.734,-105.8176,39.6339
882,Grays Peak,5.596649912,Guanella Pass,-105.716,39.613,-105.8176,39.6339
883,Grays Peak,19.77936472,Hideaway Park,-105.784,39.919,-105.8176,39.6339
884,Grays Peak,18.78043859,Idlewild,-105.778,39.904,-105.8176,39.6339
885,Grays Peak,17.31538411,Meridian,-105.535,39.51,-105.8176,39.6339
886,Grays Peak,9.912127846,Mizpah,-105.792,39.776,-105.8176,39.6339
887,Grays Peak,14.20788297,Robbers Roost,-105.756,39.834,-105.8176,39.6339
888,Grays Peak,15.86461955,South Fork,-106.029,39.796,-105.8176,39.6339
889,Grays Peak,15.86461955,South Fork,-107.534,39.867,-105.8176,39.6339
890,Grays Peak,15.29815983,Sugar Loaf,-106.023,39.789,-105.8176,39.6339
891,Grays Peak,9.093612464,West Chicago Creek,-105.657,39.679,-105.8176,39.6339
892,Grays Peak,12.38970837,Whiteside,-105.694,39.482,-105.8176,39.6339
893,Torreys Peak,15.09346583,Aspen,-106.032,40.517,-105.8212,39.6428
894,Torreys Peak,15.09346583,Aspen,-105.843,39.425,-105.8212,39.6428
895,Torreys Peak,11.07490503,Hall Valley,-105.805,39.483,-105.8212,39.6428
896,Torreys Peak,11.15730258,Handcart,-105.802,39.482,-105.8212,39.6428
897,Torreys Peak,13.92732276,Heaton Bay,-106.078,39.604,-105.8212,39.6428
898,Torreys Peak,14.59464174,Jefferson Creek,-105.853,39.433,-105.8212,39.6428
899,Torreys Peak,16.13098338,Kenosha Pass,-105.761,39.414,-105.8212,39.6428
900,Torreys Peak,15.23124909,Lodgepole - Jefferson,-105.843,39.423,-105.8212,39.6428
901,Torreys Peak,11.24751467,Lowry,-106.031,39.623,-105.8212,39.6428
902,Torreys Peak,16.35115253,Michigan Creek,-105.883,39.411,-105.8212,39.6428
903,Torreys Peak,13.90309697,Peak One,-106.071,39.584,-105.8212,39.6428
904,Torreys Peak,13.722142,Pine Cove,-106.069,39.588,-105.8212,39.6428
905,Torreys Peak,12.16929732,Prospector,-106.043,39.6,-105.8212,39.6428
906,Torreys Peak,19.94915874,Selkirk,-105.951,39.372,-105.8212,39.6428
907,Torreys Peak,17.4472259,Blue River,-106.131,39.726,-105.8212,39.6428
908,Torreys Peak,10.71792475,Burning Bear,-105.711,39.513,-105.8212,39.6428
909,Torreys Peak,16.60813475,Byers Creek,-105.897,39.876,-105.8212,39.6428
910,Torreys Peak,6.055859348,Clear Lake,-105.708,39.652,-105.8212,39.6428
911,Torreys Peak,18.81703196,Columbine,-105.549,39.817,-105.8212,39.6428
912,Torreys Peak,18.81703196,Columbine,-108.381,38.424,-105.8212,39.6428
913,Torreys Peak,17.00726969,Deer Creek,-105.554,39.508,-105.8212,39.6428
914,Torreys Peak,12.18538606,Echo Lake - Idaho Springs,-105.593,39.658,-105.8212,39.6428
915,Torreys Peak,11.00118286,Empire City RV Parking,-105.684,39.762,-105.8212,39.6428
916,Torreys Peak,8.871859337,Geneva Park,-105.737,39.532,-105.8212,39.6428
917,Torreys Peak,9.440077441,Georgetown Lake,-105.689,39.734,-105.8212,39.6428
918,Torreys Peak,5.96500284,Guanella Pass,-105.716,39.613,-105.8212,39.6428
919,Torreys Peak,19.18574099,Hideaway Park,-105.784,39.919,-105.8212,39.6428
920,Torreys Peak,18.19260132,Idlewild,-105.778,39.904,-105.8212,39.6428
921,Torreys Peak,17.79066724,Meridian,-105.535,39.51,-105.8212,39.6428
922,Torreys Peak,9.333291025,Mizpah,-105.792,39.776,-105.8212,39.6428
923,Torreys Peak,13.65743034,Robbers Roost,-105.756,39.834,-105.8212,39.6428
924,Torreys Peak,15.29741013,South Fork,-106.029,39.796,-105.8212,39.6428
925,Torreys Peak,15.29741013,South Fork,-107.534,39.867,-105.8212,39.6428
926,Torreys Peak,14.73348713,Sugar Loaf,-106.023,39.789,-105.8212,39.6428
927,Torreys Peak,9.085059472,West Chicago Creek,-105.657,39.679,-105.8212,39.6428
928,Torreys Peak,13.01334902,Whiteside,-105.694,39.482,-105.8212,39.6428
929,Torreys Peak,19.47515983,St. Louis Creek,-105.861,39.923,-105.8212,39.6428
930,Mt. Evans,15.49439378,Aspen,-106.032,40.517,-105.6438,39.5883
931,Mt. Evans,15.49439378,Aspen,-105.843,39.425,-105.6438,39.5883
932,Mt. Evans,11.25704753,Hall Valley,-105.805,39.483,-105.6438,39.5883
933,Mt. Evans,11.18085302,Handcart,-105.802,39.482,-105.6438,39.5883
934,Mt. Evans,15.47579818,Jefferson Creek,-105.853,39.433,-105.6438,39.5883
935,Mt. Evans,13.56755044,Kenosha Pass,-105.761,39.414,-105.6438,39.5883
936,Mt. Evans,15.5954143,Lodgepole - Jefferson,-105.843,39.423,-105.6438,39.5883
937,Mt. Evans,17.68357695,Michigan Creek,-105.883,39.411,-105.6438,39.5883
938,Mt. Evans,6.31556337,Burning Bear,-105.711,39.513,-105.6438,39.5883
939,Mt. Evans,5.571934024,Clear Lake,-105.708,39.652,-105.6438,39.5883
940,Mt. Evans,16.5859461,Columbine,-105.549,39.817,-105.6438,39.5883
941,Mt. Evans,16.5859461,Columbine,-108.381,38.424,-105.6438,39.5883
942,Mt. Evans,7.326189736,Deer Creek,-105.554,39.508,-105.6438,39.5883
943,Mt. Evans,5.522847444,Echo Lake - Idaho Springs,-105.593,39.658,-105.6438,39.5883
944,Mt. Evans,12.19056246,Empire City RV Parking,-105.684,39.762,-105.6438,39.5883
945,Mt. Evans,6.307106881,Geneva Park,-105.737,39.532,-105.6438,39.5883
946,Mt. Evans,10.35011995,Georgetown Lake,-105.689,39.734,-105.6438,39.5883
947,Mt. Evans,4.205581073,Guanella Pass,-105.716,39.613,-105.6438,39.5883
948,Mt. Evans,7.928974452,Meridian,-105.535,39.51,-105.6438,39.5883
949,Mt. Evans,15.1755046,Mizpah,-105.792,39.776,-105.6438,39.5883
950,Mt. Evans,17.99345177,Robbers Roost,-105.756,39.834,-105.6438,39.5883
951,Mt. Evans,6.306074602,West Chicago Creek,-105.657,39.679,-105.6438,39.5883
952,Mt. Evans,7.816681207,Whiteside,-105.694,39.482,-105.6438,39.5883
953,Mt. Evans,19.18717496,Cold Springs,-107.119,40.03,-105.6438,39.5883
954,Mt. Evans,19.18717496,Cold Springs,-105.497,39.842,-105.6438,39.5883
955,Mt. Bierstadt,14.3115995,Aspen,-106.032,40.517,-105.6688,39.5826
956,Mt. Bierstadt,14.3115995,Aspen,-105.843,39.425,-105.6688,39.5826
957,Mt. Bierstadt,10.00188968,Hall Valley,-105.805,39.483,-105.6688,39.5826
958,Mt. Bierstadt,9.934745725,Handcart,-105.802,39.482,-105.6688,39.5826
959,Mt. Bierstadt,14.25708447,Jefferson Creek,-105.853,39.433,-105.6688,39.5826
960,Mt. Bierstadt,12.64396148,Kenosha Pass,-105.761,39.414,-105.6688,39.5826
961,Mt. Bierstadt,14.4171072,Lodgepole - Jefferson,-105.843,39.423,-105.6688,39.5826
962,Mt. Bierstadt,19.48298311,Lowry,-106.031,39.623,-105.6688,39.5826
963,Mt. Bierstadt,16.46225856,Michigan Creek,-105.883,39.411,-105.6688,39.5826
964,Mt. Bierstadt,19.96035436,Prospector,-106.043,39.6,-105.6688,39.5826
965,Mt. Bierstadt,5.308576702,Burning Bear,-105.711,39.513,-105.6688,39.5826
966,Mt. Bierstadt,5.229374417,Clear Lake,-105.708,39.652,-105.6688,39.5826
967,Mt. Bierstadt,17.40285758,Columbine,-105.549,39.817,-105.6688,39.5826
968,Mt. Bierstadt,17.40285758,Columbine,-108.381,38.424,-105.6688,39.5826
969,Mt. Bierstadt,7.998752479,Deer Creek,-105.554,39.508,-105.6688,39.5826
970,Mt. Bierstadt,6.589088793,Echo Lake - Idaho Springs,-105.593,39.658,-105.6688,39.5826
971,Mt. Bierstadt,12.42181145,Empire City RV Parking,-105.684,39.762,-105.6688,39.5826
972,Mt. Bierstadt,5.042052021,Geneva Park,-105.737,39.532,-105.6688,39.5826
973,Mt. Bierstadt,10.51588537,Georgetown Lake,-105.689,39.734,-105.6688,39.5826
974,Mt. Bierstadt,3.27515606,Guanella Pass,-105.716,39.613,-105.6688,39.5826
975,Mt. Bierstadt,8.716746166,Meridian,-105.535,39.51,-105.6688,39.5826
976,Mt. Bierstadt,14.8823725,Mizpah,-105.792,39.776,-105.6688,39.5826
977,Mt. Bierstadt,17.97803151,Robbers Roost,-105.756,39.834,-105.6688,39.5826
978,Mt. Bierstadt,6.69020384,West Chicago Creek,-105.657,39.679,-105.6688,39.5826
979,Mt. Bierstadt,7.079401926,Whiteside,-105.694,39.482,-105.6688,39.5826
980,Longs Peak,12.0090743,Arapaho Bay,-105.76,40.121,-105.6151,40.255
981,Longs Peak,10.080104,Aspenglen - Rocky Mountain National Park,-105.594,40.4,-105.6151,40.255
982,Longs Peak,18.06118222,Buckingham,-105.634,39.994,-105.6151,40.255
983,Longs Peak,10.08301506,Camp Dick,-105.521,40.128,-105.6151,40.255
984,Longs Peak,5.278917002,Glacier Basin - Rocky Mountain National Park,-105.596,40.33,-105.6151,40.255
985,Longs Peak,19.02154059,Grand View,-105.772,40.503,-105.6151,40.255
986,Longs Peak,12.54015382,Green Ridge,-105.844,40.206,-105.6151,40.255
987,Longs Peak,9.693393019,Hermit Park Open Space,-105.464,40.335,-105.6151,40.255
988,Longs Peak,19.66297138,Long Draw,-105.767,40.515,-105.6151,40.255
989,Longs Peak,3.264658998,Longs Peak - Rocky Mountain National Park,-105.559,40.275,-105.6151,40.255
990,Longs Peak,7.748977964,Marys Lake - USBR,-105.531,40.347,-105.6151,40.255
991,Longs Peak,18.12612497,Meadow Park,-105.274,40.223,-105.6151,40.255
992,Longs Peak,4.370195132,Meeker Park Overflow,-105.534,40.242,-105.6151,40.255
993,Longs Peak,7.161028528,Moraine Park,-105.6,40.358,-105.6151,40.255
994,Longs Peak,5.843622797,Olive Ridge,-105.523,40.208,-105.6151,40.255
995,Longs Peak,12.40176789,Pawnee,-105.569,40.079,-105.6151,40.255
996,Longs Peak,10.3228838,Peaceful Valley,-105.506,40.131,-105.6151,40.255
997,Longs Peak,19.04976569,Pinewood Reservoir,-105.283,40.364,-105.6151,40.255
998,Longs Peak,17.08760306,Rainbow Lakes,-105.571,40.01,-105.6151,40.255
999,Longs Peak,15.2527558,Stillwater,-105.887,40.18,-105.6151,40.255
1000,Longs Peak,15.66060643,Sunset Point,-105.876,40.147,-105.6151,40.255
1001,Longs Peak,15.13828973,Timber Creek - Rocky Mountain National Park,-105.852,40.379,-105.6151,40.255
1002,Longs Peak,19.31478321,Willow Creek,-105.951,40.144,-105.6151,40.255
1003,El Diente Peak,4.85486248,Burro Bridge,-108.066,37.788,-108.005335,37.839383
1004,El Diente Peak,5.037336715,Cayton,-107.977,37.77,-108.005335,37.839383
1005,El Diente Peak,6.795287199,Matterhorn,-107.881,37.845,-108.005335,37.839383
1006,El Diente Peak,16.82359078,McClure,-107.872,38.059,-108.005335,37.839383
1007,El Diente Peak,16.82359078,McClure,-107.313,39.124,-108.005335,37.839383
1008,El Diente Peak,18.67440105,Molas Lake Public Park,-107.683,37.749,-108.005335,37.839383
1009,El Diente Peak,18.13168904,Purgatory,-107.807,37.629,-108.005335,37.839383
1010,El Diente Peak,15.6631328,Sig Creek,-107.884,37.634,-108.005335,37.839383
1011,El Diente Peak,12.78113399,South Mineral,-107.775,37.806,-108.005335,37.839383
1012,El Diente Peak,7.164675416,Sunshine,-107.89,37.889,-108.005335,37.839383
1013,El Diente Peak,12.72006948,Telluride Town Park,-107.806,37.935,-108.005335,37.839383
1014,El Diente Peak,19.29441166,West Dolores,-108.276,37.66,-108.005335,37.839383
1015,El Diente Peak,4.156188291,Woods Lake,-108.055,37.885,-108.005335,37.839383
1016,Windom Peak,10.13837009,Molas Lake Public Park,-107.683,37.749,-107.5919,37.6212
1017,Windom Peak,11.78347403,Purgatory,-107.807,37.629,-107.5919,37.6212
1018,Windom Peak,16.0088024,Sig Creek,-107.884,37.634,-107.5919,37.6212
1019,Windom Peak,16.22335748,South Mineral,-107.775,37.806,-107.5919,37.6212
1020,Windom Peak,12.69023081,Florida,-107.682,37.452,-107.5919,37.6212
1021,Windom Peak,16.15784868,Graham Creek,-107.54,37.391,-107.5919,37.6212
1022,Windom Peak,13.27894729,Haviland Lake,-107.808,37.534,-107.5919,37.6212
1023,Windom Peak,16.71046732,Lost Trail,-107.349,37.768,-107.5919,37.6212
1024,Windom Peak,14.97841779,Middle Mountain - Vallecito Reservoir,-107.536,37.409,-107.5919,37.6212
1025,Windom Peak,15.41072277,Miller Creek,-107.661,37.405,-107.5919,37.6212
1026,Windom Peak,15.96369984,North Canyon - Vallecito Reservoir,-107.539,37.394,-107.5919,37.6212
1027,Windom Peak,16.96314845,Old Timers - Vallecito Reservoir,-107.56,37.377,-107.5919,37.6212
1028,Windom Peak,15.59853881,Pine Point - Vallecito Reservoir,-107.535,37.4,-107.5919,37.6212
1029,Windom Peak,12.94373123,Pine River,-107.505,37.447,-107.5919,37.6212
1030,Windom Peak,19.593435,Thirtymile,-107.258,37.724,-107.5919,37.6212
1031,Windom Peak,12.03424453,Transfer Park,-107.681,37.462,-107.5919,37.6212
1032,Windom Peak,10.19540618,Vallecito,-107.547,37.478,-107.5919,37.6212
1033,Mt. Eolus,9.386898043,Molas Lake Public Park,-107.683,37.749,-107.6227,37.6218
1034,Mt. Eolus,10.09786399,Purgatory,-107.807,37.629,-107.6227,37.6218
1035,Mt. Eolus,14.32367928,Sig Creek,-107.884,37.634,-107.6227,37.6218
1036,Mt. Eolus,15.20779884,South Mineral,-107.775,37.806,-107.6227,37.6218
1037,Mt. Eolus,12.17373628,Florida,-107.682,37.452,-107.6227,37.6218
1038,Mt. Eolus,16.57863806,Graham Creek,-107.54,37.391,-107.6227,37.6218
1039,Mt. Eolus,11.82199227,Haviland Lake,-107.808,37.534,-107.6227,37.6218
1040,Mt. Eolus,18.05434161,Lost Trail,-107.349,37.768,-107.6227,37.6218
1041,Mt. Eolus,15.45192915,Middle Mountain - Vallecito Reservoir,-107.536,37.409,-107.6227,37.6218
1042,Mt. Eolus,15.12595506,Miller Creek,-107.661,37.405,-107.6227,37.6218
1043,Mt. Eolus,16.39457978,North Canyon - Vallecito Reservoir,-107.539,37.394,-107.6227,37.6218
1044,Mt. Eolus,17.25990126,Old Timers - Vallecito Reservoir,-107.56,37.377,-107.6227,37.6218
1045,Mt. Eolus,16.06118652,Pine Point - Vallecito Reservoir,-107.535,37.4,-107.6227,37.6218
1046,Mt. Eolus,13.69151,Pine River,-107.505,37.447,-107.6227,37.6218
1047,Mt. Eolus,11.49392845,Transfer Park,-107.681,37.462,-107.6227,37.6218
1048,Mt. Eolus,10.76636712,Vallecito,-107.547,37.478,-107.6227,37.6218
1049,Sunlight Peak,9.657718915,Molas Lake Public Park,-107.683,37.749,-107.5959,37.6274
1050,Sunlight Peak,11.55229422,Purgatory,-107.807,37.629,-107.5959,37.6274
1051,Sunlight Peak,15.77140237,Sig Creek,-107.884,37.634,-107.5959,37.6274
1052,Sunlight Peak,15.75134052,South Mineral,-107.775,37.806,-107.5959,37.6274
1053,Sunlight Peak,13.00477366,Florida,-107.682,37.452,-107.5959,37.6274
1054,Sunlight Peak,16.61871014,Graham Creek,-107.54,37.391,-107.5959,37.6274
1055,Sunlight Peak,13.2864151,Haviland Lake,-107.808,37.534,-107.5959,37.6274
1056,Sunlight Peak,16.63051685,Lost Trail,-107.349,37.768,-107.5959,37.6274
1057,Sunlight Peak,15.44307559,Middle Mountain - Vallecito Reservoir,-107.536,37.409,-107.5959,37.6274
1058,Sunlight Peak,15.77526322,Miller Creek,-107.661,37.405,-107.5959,37.6274
1059,Sunlight Peak,16.42533184,North Canyon - Vallecito Reservoir,-107.539,37.394,-107.5959,37.6274
1060,Sunlight Peak,17.41271225,Old Timers - Vallecito Reservoir,-107.56,37.377,-107.5959,37.6274
1061,Sunlight Peak,16.06259454,Pine Point - Vallecito Reservoir,-107.535,37.4,-107.5959,37.6274
1062,Sunlight Peak,13.42270046,Pine River,-107.505,37.447,-107.5959,37.6274
1063,Sunlight Peak,19.64711959,Thirtymile,-107.258,37.724,-107.5959,37.6274
1064,Sunlight Peak,12.34251123,Transfer Park,-107.681,37.462,-107.5959,37.6274
1065,Sunlight Peak,10.66453033,Vallecito,-107.547,37.478,-107.5959,37.6274
1066,North Eolus,9.19788349,Molas Lake Public Park,-107.683,37.749,-107.621187,37.625192
1067,North Eolus,10.17157094,Purgatory,-107.807,37.629,-107.621187,37.625192
1068,North Eolus,14.39419124,Sig Creek,-107.884,37.634,-107.621187,37.625192
1069,North Eolus,15.05811688,South Mineral,-107.775,37.806,-107.621187,37.625192
1070,North Eolus,12.42171789,Florida,-107.682,37.452,-107.621187,37.625192
1071,North Eolus,16.78199009,Graham Creek,-107.54,37.391,-107.621187,37.625192
1072,North Eolus,12.01421678,Haviland Lake,-107.808,37.534,-107.621187,37.625192
1073,North Eolus,17.85498105,Lost Trail,-107.349,37.768,-107.621187,37.625192
1074,North Eolus,15.65013858,Middle Mountain - Vallecito Reservoir,-107.536,37.409,-107.621187,37.625192
1075,North Eolus,15.36963479,Miller Creek,-107.661,37.405,-107.621187,37.625192
1076,North Eolus,16.5969863,North Canyon - Vallecito Reservoir,-107.539,37.394,-107.621187,37.625192
1077,North Eolus,17.47351311,Old Timers - Vallecito Reservoir,-107.56,37.377,-107.621187,37.625192
1078,North Eolus,16.2606491,Pine Point - Vallecito Reservoir,-107.535,37.4,-107.621187,37.625192
1079,North Eolus,13.86035379,Pine River,-107.505,37.447,-107.621187,37.625192
1080,North Eolus,11.7420869,Transfer Park,-107.681,37.462,-107.621187,37.625192
1081,North Eolus,10.95196519,Vallecito,-107.547,37.478,-107.621187,37.625192
1082,Pikes Peak,19.00889142,Blue Mountain,-105.362,38.961,-105.0442,38.8405
1083,Pikes Peak,14.51228283,Cheyenne Mountain State Park,-104.809,38.738,-105.0442,38.8405
1084,Pikes Peak,16.76293943,Colorado,-105.094,39.08,-105.0442,38.8405
1085,Pikes Peak,4.590731498,Crags,-105.12,38.871,-105.0442,38.8405
1086,Pikes Peak,12.01829252,Farish Military - USAF Academy,-104.994,39.01,-105.0442,38.8405
1087,Pikes Peak,10.00248561,Meadow Ridge,-104.986,38.978,-105.0442,38.8405
1088,Pikes Peak,7.296298736,Mueller State Park,-105.164,38.89,-105.0442,38.8405
1089,Pikes Peak,17.13857102,Painted Rocks,-105.105,39.084,-105.0442,38.8405
1090,Pikes Peak,15.8507847,Peregrine Pines Military - USAF Academy,-104.84,39.006,-105.0442,38.8405
1091,Pikes Peak,19.61060964,Riverside,-105.375,38.96,-105.0442,38.8405
1092,Pikes Peak,15.72282081,South Meadows,-105.092,39.065,-105.0442,38.8405
1093,Pikes Peak,10.94756238,Springdale,-105.022,38.998,-105.0442,38.8405
1094,Pikes Peak,9.988855551,Thunder Ridge,-104.983,38.977,-105.0442,38.8405
1095,Pikes Peak,18.22893635,Turkey Creek Military - Fort Carson,-104.882,38.609,-105.0442,38.8405
1096,Pikes Peak,18.58874593,Wildhorn,-105.253,39.055,-105.0442,38.8405
1097,Pikes Peak,9.090248024,Wye,-104.94,38.737,-105.0442,38.8405
1098,Culebra Peak,14.26327725,Bear Lake,-105.143,37.326,-105.1858,37.1224
1099,Culebra Peak,14.26327725,Bear Lake,-107.07,40.045,-105.1858,37.1224
1100,Culebra Peak,13.41872852,Blue Lake,-105.139,37.313,-105.1858,37.1224
1101,Culebra Peak,9.621642628,Monument Lake Park,-105.047,37.207,-105.1858,37.1224
1102,Culebra Peak,9.941610609,Purgatoire,-105.11,37.253,-105.1858,37.1224
